quote_id,origin,destination,route,airline_code,airline_name,flight_date,observation_timestamp,observation_date,days_until_flight,advance_purchase_window,fare_class,flight_day_of_week,is_flight_weekend,observation_day_of_week,is_observation_weekend,flight_month,flight_day_of_month,base_fare,taxes,user_development_fee,convenience_fee,total_fare,previous_observed_fare,price_delta_vs_previous,price_delta_pct_vs_previous,route_index_value,route_observed_trend,route_price_band,is_outlier,source,currency,dataset_split
263,DEL,BOM,DEL-BOM,6E,IndiGo,2026-09-18,2026-09-02T18:42:47.736270+00:00,2026-09-02,16,T+15,ECONOMY,4,0,2,0,9,18,5450.0,654.0,150.0,250.0,6504.0,,,,71.55,DECREASING,LOWER_THAN_BASELINE,False,AIRLINE,INR,UNPARTITIONED_ACCUMULATING
264,DEL,BOM,DEL-BOM,AI,Air India,2026-09-18,2026-09-02T18:42:47.736270+00:00,2026-09-02,16,T+15,ECONOMY,4,0,2,0,9,18,6400.0,768.0,150.0,250.0,7568.0,,,,71.55,DECREASING,LOWER_THAN_BASELINE,True,AIRLINE,INR,UNPARTITIONED_ACCUMULATING
265,DEL,BOM,DEL-BOM,SG,SpiceJet,2026-09-18,2026-09-02T18:42:48.926800+00:00,2026-09-02,16,T+15,ECONOMY,4,0,2,0,9,18,4800.0,576.0,150.0,250.0,5776.0,,,,71.55,DECREASING,LOWER_THAN_BASELINE,True,OTA,INR,UNPARTITIONED_ACCUMULATING
266,DEL,BOM,DEL-BOM,QP,Akasa Air,2026-09-18,2026-09-02T18:42:48.926800+00:00,2026-09-02,16,T+15,ECONOMY,4,0,2,0,9,18,5100.0,612.0,150.0,250.0,6112.0,,,,71.55,DECREASING,LOWER_THAN_BASELINE,True,OTA,INR,UNPARTITIONED_ACCUMULATING
274,DEL,BOM,DEL-BOM,6E,IndiGo,2026-09-15,2026-09-02T19:02:38.626566+00:00,2026-09-02,13,T+15,ECONOMY,1,0,2,0,9,15,5268.5,771.0,150.0,235.5,6425.0,,,,71.55,DECREASING,LOWER_THAN_BASELINE,False,SERPAPI,INR,UNPARTITIONED_ACCUMULATING
275,DEL,BOM,DEL-BOM,AI,Air India,2026-09-15,2026-09-02T19:02:38.626566+00:00,2026-09-02,13,T+15,ECONOMY,1,0,2,0,9,15,5397.24,789.84,150.0,244.92,6582.0,,,,71.55,DECREASING,LOWER_THAN_BASELINE,False,SERPAPI,INR,UNPARTITIONED_ACCUMULATING
276,DEL,BOM,DEL-BOM,QP,Akasa Air,2026-09-15,2026-09-02T19:02:38.626566+00:00,2026-09-02,13,T+15,ECONOMY,1,0,2,0,9,15,5641.6,825.6,150.0,262.8,6880.0,,,,71.55,DECREASING,LOWER_THAN_BASELINE,False,SERPAPI,INR,UNPARTITIONED_ACCUMULATING
277,DEL,BOM,DEL-BOM,IX,Air India Express,2026-09-15,2026-09-02T19:02:38.626566+00:00,2026-09-02,13,T+15,ECONOMY,1,0,2,0,9,15,5420.2,793.2,150.0,246.6,6610.0,,,,71.55,DECREASING,LOWER_THAN_BASELINE,False,SERPAPI,INR,UNPARTITIONED_ACCUMULATING
278,DEL,BOM,DEL-BOM,SG,SpiceJet,2026-09-15,2026-09-02T19:02:38.626566+00:00,2026-09-02,13,T+15,ECONOMY,1,0,2,0,9,15,5491.54,803.64,150.0,251.82,6697.0,,,,71.55,DECREASING,LOWER_THAN_BASELINE,False,SERPAPI,INR,UNPARTITIONED_ACCUMULATING
279,DEL,BOM,DEL-BOM,6E,IndiGo,2026-09-25,2026-09-02T19:04:53.431536+00:00,2026-09-02,23,T+15,ECONOMY,4,0,2,0,9,25,5268.5,771.0,150.0,235.5,6425.0,,,,71.55,DECREASING,LOWER_THAN_BASELINE,False,SERPAPI,INR,UNPARTITIONED_ACCUMULATING
280,DEL,BOM,DEL-BOM,AI,Air India,2026-09-25,2026-09-02T19:04:53.431536+00:00,2026-09-02,23,T+15,ECONOMY,4,0,2,0,9,25,5397.24,789.84,150.0,244.92,6582.0,,,,71.55,DECREASING,LOWER_THAN_BASELINE,False,SERPAPI,INR,UNPARTITIONED_ACCUMULATING
281,DEL,BOM,DEL-BOM,IX,Air India Express,2026-09-25,2026-09-02T19:04:53.431536+00:00,2026-09-02,23,T+15,ECONOMY,4,0,2,0,9,25,5420.2,793.2,150.0,246.6,6610.0,,,,71.55,DECREASING,LOWER_THAN_BASELINE,False,SERPAPI,INR,UNPARTITIONED_ACCUMULATING
282,DEL,BOM,DEL-BOM,QP,Akasa Air,2026-09-25,2026-09-02T19:04:53.431536+00:00,2026-09-02,23,T+15,ECONOMY,4,0,2,0,9,25,5641.6,825.6,150.0,262.8,6880.0,,,,71.55,DECREASING,LOWER_THAN_BASELINE,False,SERPAPI,INR,UNPARTITIONED_ACCUMULATING
283,DEL,BOM,DEL-BOM,SG,SpiceJet,2026-09-25,2026-09-02T19:04:53.431536+00:00,2026-09-02,23,T+15,ECONOMY,4,0,2,0,9,25,6014.7,880.2,150.0,290.1,7335.0,,,,71.55,DECREASING,LOWER_THAN_BASELINE,True,SERPAPI,INR,UNPARTITIONED_ACCUMULATING
284,DEL,BOM,DEL-BOM,6E,IndiGo,2026-09-10,2026-09-03T16:35:03.102485+00:00,2026-09-03,7,T+7,ECONOMY,3,0,3,0,9,10,4907.7,718.2,150.0,209.1,5985.0,,,,,UNKNOWN,UNKNOWN,True,SERPAPI,INR,UNPARTITIONED_ACCUMULATING
285,DEL,BOM,DEL-BOM,AI,Air India,2026-09-10,2026-09-03T16:35:03.102485+00:00,2026-09-03,7,T+7,ECONOMY,3,0,3,0,9,10,5397.24,789.84,150.0,244.92,6582.0,,,,,UNKNOWN,UNKNOWN,False,SERPAPI,INR,UNPARTITIONED_ACCUMULATING
286,DEL,BOM,DEL-BOM,SG,SpiceJet,2026-09-10,2026-09-03T16:35:03.102485+00:00,2026-09-03,7,T+7,ECONOMY,3,0,3,0,9,10,5491.54,803.64,150.0,251.82,6697.0,,,,,UNKNOWN,UNKNOWN,False,SERPAPI,INR,UNPARTITIONED_ACCUMULATING
287,DEL,BOM,DEL-BOM,QP,Akasa Air,2026-09-10,2026-09-03T16:35:03.102485+00:00,2026-09-03,7,T+7,ECONOMY,3,0,3,0,9,10,5641.6,825.6,150.0,262.8,6880.0,,,,,UNKNOWN,UNKNOWN,False,SERPAPI,INR,UNPARTITIONED_ACCUMULATING
288,DEL,BOM,DEL-BOM,IX,Air India Express,2026-09-10,2026-09-03T16:35:03.102485+00:00,2026-09-03,7,T+7,ECONOMY,3,0,3,0,9,10,5420.2,793.2,150.0,246.6,6610.0,,,,,UNKNOWN,UNKNOWN,False,SERPAPI,INR,UNPARTITIONED_ACCUMULATING
289,DEL,BOM,DEL-BOM,6E,IndiGo,2026-09-18,2026-09-03T16:35:12.357013+00:00,2026-09-03,15,T+15,ECONOMY,4,0,3,0,9,18,5268.5,771.0,150.0,235.5,6425.0,6504.0,-79.0,-1.21,,UNKNOWN,UNKNOWN,False,SERPAPI,INR,UNPARTITIONED_ACCUMULATING
290,DEL,BOM,DEL-BOM,AI,Air India,2026-09-18,2026-09-03T16:35:12.357013+00:00,2026-09-03,15,T+15,ECONOMY,4,0,3,0,9,18,5397.24,789.84,150.0,244.92,6582.0,7568.0,-986.0,-13.03,,UNKNOWN,UNKNOWN,False,SERPAPI,INR,UNPARTITIONED_ACCUMULATING
291,DEL,BOM,DEL-BOM,QP,Akasa Air,2026-09-18,2026-09-03T16:35:12.357013+00:00,2026-09-03,15,T+15,ECONOMY,4,0,3,0,9,18,5641.6,825.6,150.0,262.8,6880.0,6112.0,768.0,12.57,,UNKNOWN,UNKNOWN,False,SERPAPI,INR,UNPARTITIONED_ACCUMULATING
292,DEL,BOM,DEL-BOM,IX,Air India Express,2026-09-18,2026-09-03T16:35:12.357013+00:00,2026-09-03,15,T+15,ECONOMY,4,0,3,0,9,18,5420.2,793.2,150.0,246.6,6610.0,,,,,UNKNOWN,UNKNOWN,False,SERPAPI,INR,UNPARTITIONED_ACCUMULATING
293,DEL,BOM,DEL-BOM,SG,SpiceJet,2026-09-18,2026-09-03T16:35:12.357013+00:00,2026-09-03,15,T+15,ECONOMY,4,0,3,0,9,18,7051.18,1031.88,150.0,365.94,8599.0,5776.0,2823.0,48.87,,UNKNOWN,UNKNOWN,True,SERPAPI,INR,UNPARTITIONED_ACCUMULATING
294,MAA,DEL,MAA-DEL,6E,IndiGo,2026-09-10,2026-09-03T16:35:22.945376+00:00,2026-09-03,7,T+7,ECONOMY,3,0,3,0,9,10,7693.24,1125.84,150.0,412.92,9382.0,,,,,UNKNOWN,UNKNOWN,False,SERPAPI,INR,UNPARTITIONED_ACCUMULATING
295,MAA,DEL,MAA-DEL,AI,Air India,2026-09-10,2026-09-03T16:35:22.945376+00:00,2026-09-03,7,T+7,ECONOMY,3,0,3,0,9,10,8931.44,1307.04,150.0,503.52,10892.0,,,,,UNKNOWN,UNKNOWN,False,SERPAPI,INR,UNPARTITIONED_ACCUMULATING
296,MAA,DEL,MAA-DEL,6E,IndiGo,2026-09-18,2026-09-03T16:35:31.202450+00:00,2026-09-03,15,T+15,ECONOMY,4,0,3,0,9,18,7931.86,1160.76,150.0,430.38,9673.0,,,,,UNKNOWN,UNKNOWN,False,SERPAPI,INR,UNPARTITIONED_ACCUMULATING
297,MAA,DEL,MAA-DEL,AI,Air India,2026-09-18,2026-09-03T16:35:31.202450+00:00,2026-09-03,15,T+15,ECONOMY,4,0,3,0,9,18,8350.06,1221.96,150.0,460.98,10183.0,,,,,UNKNOWN,UNKNOWN,False,SERPAPI,INR,UNPARTITIONED_ACCUMULATING
298,DEL,BOM,DEL-BOM,6E,IndiGo,2026-09-04,2026-09-03T16:39:52.582913+00:00,2026-09-03,1,T+1,ECONOMY,4,0,3,0,9,4,4907.7,718.2,150.0,209.1,5985.0,,,,,UNKNOWN,UNKNOWN,True,SERPAPI,INR,UNPARTITIONED_ACCUMULATING
299,DEL,BOM,DEL-BOM,AI,Air India,2026-09-04,2026-09-03T16:39:52.582913+00:00,2026-09-03,1,T+1,ECONOMY,4,0,3,0,9,4,5397.24,789.84,150.0,244.92,6582.0,,,,,UNKNOWN,UNKNOWN,False,SERPAPI,INR,UNPARTITIONED_ACCUMULATING
300,DEL,BOM,DEL-BOM,IX,Air India Express,2026-09-04,2026-09-03T16:39:52.582913+00:00,2026-09-03,1,T+1,ECONOMY,4,0,3,0,9,4,5420.2,793.2,150.0,246.6,6610.0,,,,,UNKNOWN,UNKNOWN,False,SERPAPI,INR,UNPARTITIONED_ACCUMULATING
301,DEL,BOM,DEL-BOM,SG,SpiceJet,2026-09-04,2026-09-03T16:39:52.582913+00:00,2026-09-03,1,T+1,ECONOMY,4,0,3,0,9,4,5491.54,803.64,150.0,251.82,6697.0,,,,,UNKNOWN,UNKNOWN,False,SERPAPI,INR,UNPARTITIONED_ACCUMULATING
302,DEL,BOM,DEL-BOM,QP,Akasa Air,2026-09-04,2026-09-03T16:39:52.582913+00:00,2026-09-03,1,T+1,ECONOMY,4,0,3,0,9,4,5641.6,825.6,150.0,262.8,6880.0,,,,,UNKNOWN,UNKNOWN,False,SERPAPI,INR,UNPARTITIONED_ACCUMULATING
303,DEL,BOM,DEL-BOM,6E,IndiGo,2026-09-10,2026-09-03T16:39:59.574926+00:00,2026-09-03,7,T+7,ECONOMY,3,0,3,0,9,10,4907.7,718.2,150.0,209.1,5985.0,5985.0,0.0,0.0,,UNKNOWN,UNKNOWN,True,SERPAPI,INR,UNPARTITIONED_ACCUMULATING
304,DEL,BOM,DEL-BOM,AI,Air India,2026-09-10,2026-09-03T16:39:59.574926+00:00,2026-09-03,7,T+7,ECONOMY,3,0,3,0,9,10,5397.24,789.84,150.0,244.92,6582.0,6582.0,0.0,0.0,,UNKNOWN,UNKNOWN,False,SERPAPI,INR,UNPARTITIONED_ACCUMULATING
305,DEL,BOM,DEL-BOM,SG,SpiceJet,2026-09-10,2026-09-03T16:39:59.574926+00:00,2026-09-03,7,T+7,ECONOMY,3,0,3,0,9,10,5491.54,803.64,150.0,251.82,6697.0,6697.0,0.0,0.0,,UNKNOWN,UNKNOWN,False,SERPAPI,INR,UNPARTITIONED_ACCUMULATING
306,DEL,BOM,DEL-BOM,QP,Akasa Air,2026-09-10,2026-09-03T16:39:59.574926+00:00,2026-09-03,7,T+7,ECONOMY,3,0,3,0,9,10,5641.6,825.6,150.0,262.8,6880.0,6880.0,0.0,0.0,,UNKNOWN,UNKNOWN,False,SERPAPI,INR,UNPARTITIONED_ACCUMULATING
307,DEL,BOM,DEL-BOM,IX,Air India Express,2026-09-10,2026-09-03T16:39:59.574926+00:00,2026-09-03,7,T+7,ECONOMY,3,0,3,0,9,10,5420.2,793.2,150.0,246.6,6610.0,6610.0,0.0,0.0,,UNKNOWN,UNKNOWN,False,SERPAPI,INR,UNPARTITIONED_ACCUMULATING
308,DEL,BOM,DEL-BOM,6E,IndiGo,2026-10-03,2026-09-03T16:40:08.256919+00:00,2026-09-03,30,T+30,ECONOMY,5,1,3,0,10,3,4907.7,718.2,150.0,209.1,5985.0,,,,,UNKNOWN,UNKNOWN,True,SERPAPI,INR,UNPARTITIONED_ACCUMULATING
309,DEL,BOM,DEL-BOM,AI,Air India,2026-10-03,2026-09-03T16:40:08.256919+00:00,2026-09-03,30,T+30,ECONOMY,5,1,3,0,10,3,5397.24,789.84,150.0,244.92,6582.0,,,,,UNKNOWN,UNKNOWN,False,SERPAPI,INR,UNPARTITIONED_ACCUMULATING
310,DEL,BOM,DEL-BOM,IX,Air India Express,2026-10-03,2026-09-03T16:40:08.256919+00:00,2026-09-03,30,T+30,ECONOMY,5,1,3,0,10,3,5420.2,793.2,150.0,246.6,6610.0,,,,,UNKNOWN,UNKNOWN,False,SERPAPI,INR,UNPARTITIONED_ACCUMULATING
311,DEL,BOM,DEL-BOM,SG,SpiceJet,2026-10-03,2026-09-03T16:40:08.256919+00:00,2026-09-03,30,T+30,ECONOMY,5,1,3,0,10,3,5491.54,803.64,150.0,251.82,6697.0,,,,,UNKNOWN,UNKNOWN,False,SERPAPI,INR,UNPARTITIONED_ACCUMULATING
312,DEL,BOM,DEL-BOM,QP,Akasa Air,2026-10-03,2026-09-03T16:40:08.256919+00:00,2026-09-03,30,T+30,ECONOMY,5,1,3,0,10,3,5641.6,825.6,150.0,262.8,6880.0,,,,,UNKNOWN,UNKNOWN,False,SERPAPI,INR,UNPARTITIONED_ACCUMULATING
313,DEL,BOM,DEL-BOM,6E,IndiGo,2026-09-04,2026-09-03T16:45:55.211362+00:00,2026-09-03,1,T+1,ECONOMY,4,0,3,0,9,4,4907.7,718.2,150.0,209.1,5985.0,5985.0,0.0,0.0,,UNKNOWN,UNKNOWN,True,SERPAPI,INR,UNPARTITIONED_ACCUMULATING
314,DEL,BOM,DEL-BOM,AI,Air India,2026-09-04,2026-09-03T16:45:55.211362+00:00,2026-09-03,1,T+1,ECONOMY,4,0,3,0,9,4,5397.24,789.84,150.0,244.92,6582.0,6582.0,0.0,0.0,,UNKNOWN,UNKNOWN,False,SERPAPI,INR,UNPARTITIONED_ACCUMULATING
315,DEL,BOM,DEL-BOM,IX,Air India Express,2026-09-04,2026-09-03T16:45:55.211362+00:00,2026-09-03,1,T+1,ECONOMY,4,0,3,0,9,4,5420.2,793.2,150.0,246.6,6610.0,6610.0,0.0,0.0,,UNKNOWN,UNKNOWN,False,SERPAPI,INR,UNPARTITIONED_ACCUMULATING
316,DEL,BOM,DEL-BOM,SG,SpiceJet,2026-09-04,2026-09-03T16:45:55.211362+00:00,2026-09-03,1,T+1,ECONOMY,4,0,3,0,9,4,5491.54,803.64,150.0,251.82,6697.0,6697.0,0.0,0.0,,UNKNOWN,UNKNOWN,False,SERPAPI,INR,UNPARTITIONED_ACCUMULATING
317,DEL,BOM,DEL-BOM,QP,Akasa Air,2026-09-04,2026-09-03T16:45:55.211362+00:00,2026-09-03,1,T+1,ECONOMY,4,0,3,0,9,4,5641.6,825.6,150.0,262.8,6880.0,6880.0,0.0,0.0,,UNKNOWN,UNKNOWN,False,SERPAPI,INR,UNPARTITIONED_ACCUMULATING
318,DEL,BOM,DEL-BOM,6E,IndiGo,2026-09-06,2026-09-03T16:46:02.968584+00:00,2026-09-03,3,T+7,ECONOMY,6,1,3,0,9,6,5268.5,771.0,150.0,235.5,6425.0,,,,,UNKNOWN,UNKNOWN,False,SERPAPI,INR,UNPARTITIONED_ACCUMULATING
319,DEL,BOM,DEL-BOM,AI,Air India,2026-09-06,2026-09-03T16:46:02.968584+00:00,2026-09-03,3,T+7,ECONOMY,6,1,3,0,9,6,5397.24,789.84,150.0,244.92,6582.0,,,,,UNKNOWN,UNKNOWN,False,SERPAPI,INR,UNPARTITIONED_ACCUMULATING
320,DEL,BOM,DEL-BOM,IX,Air India Express,2026-09-06,2026-09-03T16:46:02.968584+00:00,2026-09-03,3,T+7,ECONOMY,6,1,3,0,9,6,5420.2,793.2,150.0,246.6,6610.0,,,,,UNKNOWN,UNKNOWN,False,SERPAPI,INR,UNPARTITIONED_ACCUMULATING
321,DEL,BOM,DEL-BOM,QP,Akasa Air,2026-09-06,2026-09-03T16:46:02.968584+00:00,2026-09-03,3,T+7,ECONOMY,6,1,3,0,9,6,5641.6,825.6,150.0,262.8,6880.0,,,,,UNKNOWN,UNKNOWN,False,SERPAPI,INR,UNPARTITIONED_ACCUMULATING
322,DEL,BOM,DEL-BOM,SG,SpiceJet,2026-09-06,2026-09-03T16:46:02.968584+00:00,2026-09-03,3,T+7,ECONOMY,6,1,3,0,9,6,16074.46,2352.36,150.0,1026.18,19603.0,,,,,UNKNOWN,UNKNOWN,True,SERPAPI,INR,UNPARTITIONED_ACCUMULATING
323,DEL,BOM,DEL-BOM,6E,IndiGo,2026-09-10,2026-09-03T16:46:09.533251+00:00,2026-09-03,7,T+7,ECONOMY,3,0,3,0,9,10,4907.7,718.2,150.0,209.1,5985.0,5985.0,0.0,0.0,,UNKNOWN,UNKNOWN,True,SERPAPI,INR,UNPARTITIONED_ACCUMULATING
324,DEL,BOM,DEL-BOM,AI,Air India,2026-09-10,2026-09-03T16:46:09.533251+00:00,2026-09-03,7,T+7,ECONOMY,3,0,3,0,9,10,5397.24,789.84,150.0,244.92,6582.0,6582.0,0.0,0.0,,UNKNOWN,UNKNOWN,False,SERPAPI,INR,UNPARTITIONED_ACCUMULATING
325,DEL,BOM,DEL-BOM,SG,SpiceJet,2026-09-10,2026-09-03T16:46:09.533251+00:00,2026-09-03,7,T+7,ECONOMY,3,0,3,0,9,10,5491.54,803.64,150.0,251.82,6697.0,6697.0,0.0,0.0,,UNKNOWN,UNKNOWN,False,SERPAPI,INR,UNPARTITIONED_ACCUMULATING
326,DEL,BOM,DEL-BOM,QP,Akasa Air,2026-09-10,2026-09-03T16:46:09.533251+00:00,2026-09-03,7,T+7,ECONOMY,3,0,3,0,9,10,5641.6,825.6,150.0,262.8,6880.0,6880.0,0.0,0.0,,UNKNOWN,UNKNOWN,False,SERPAPI,INR,UNPARTITIONED_ACCUMULATING
327,DEL,BOM,DEL-BOM,IX,Air India Express,2026-09-10,2026-09-03T16:46:09.533251+00:00,2026-09-03,7,T+7,ECONOMY,3,0,3,0,9,10,5420.2,793.2,150.0,246.6,6610.0,6610.0,0.0,0.0,,UNKNOWN,UNKNOWN,False,SERPAPI,INR,UNPARTITIONED_ACCUMULATING
328,DEL,BOM,DEL-BOM,6E,IndiGo,2026-09-18,2026-09-03T16:46:15.983780+00:00,2026-09-03,15,T+15,ECONOMY,4,0,3,0,9,18,5268.5,771.0,150.0,235.5,6425.0,6425.0,0.0,0.0,,UNKNOWN,UNKNOWN,False,SERPAPI,INR,UNPARTITIONED_ACCUMULATING
329,DEL,BOM,DEL-BOM,AI,Air India,2026-09-18,2026-09-03T16:46:15.983780+00:00,2026-09-03,15,T+15,ECONOMY,4,0,3,0,9,18,5397.24,789.84,150.0,244.92,6582.0,6582.0,0.0,0.0,,UNKNOWN,UNKNOWN,False,SERPAPI,INR,UNPARTITIONED_ACCUMULATING
330,DEL,BOM,DEL-BOM,QP,Akasa Air,2026-09-18,2026-09-03T16:46:15.983780+00:00,2026-09-03,15,T+15,ECONOMY,4,0,3,0,9,18,5641.6,825.6,150.0,262.8,6880.0,6880.0,0.0,0.0,,UNKNOWN,UNKNOWN,False,SERPAPI,INR,UNPARTITIONED_ACCUMULATING
331,DEL,BOM,DEL-BOM,IX,Air India Express,2026-09-18,2026-09-03T16:46:15.983780+00:00,2026-09-03,15,T+15,ECONOMY,4,0,3,0,9,18,5420.2,793.2,150.0,246.6,6610.0,6610.0,0.0,0.0,,UNKNOWN,UNKNOWN,False,SERPAPI,INR,UNPARTITIONED_ACCUMULATING
332,DEL,BOM,DEL-BOM,SG,SpiceJet,2026-09-18,2026-09-03T16:46:15.983780+00:00,2026-09-03,15,T+15,ECONOMY,4,0,3,0,9,18,7051.18,1031.88,150.0,365.94,8599.0,8599.0,0.0,0.0,,UNKNOWN,UNKNOWN,True,SERPAPI,INR,UNPARTITIONED_ACCUMULATING
333,DEL,BOM,DEL-BOM,6E,IndiGo,2026-10-03,2026-09-03T16:46:22.689196+00:00,2026-09-03,30,T+30,ECONOMY,5,1,3,0,10,3,4907.7,718.2,150.0,209.1,5985.0,5985.0,0.0,0.0,,UNKNOWN,UNKNOWN,True,SERPAPI,INR,UNPARTITIONED_ACCUMULATING
334,DEL,BOM,DEL-BOM,AI,Air India,2026-10-03,2026-09-03T16:46:22.689196+00:00,2026-09-03,30,T+30,ECONOMY,5,1,3,0,10,3,5397.24,789.84,150.0,244.92,6582.0,6582.0,0.0,0.0,,UNKNOWN,UNKNOWN,False,SERPAPI,INR,UNPARTITIONED_ACCUMULATING
335,DEL,BOM,DEL-BOM,IX,Air India Express,2026-10-03,2026-09-03T16:46:22.689196+00:00,2026-09-03,30,T+30,ECONOMY,5,1,3,0,10,3,5420.2,793.2,150.0,246.6,6610.0,6610.0,0.0,0.0,,UNKNOWN,UNKNOWN,False,SERPAPI,INR,UNPARTITIONED_ACCUMULATING
336,DEL,BOM,DEL-BOM,SG,SpiceJet,2026-10-03,2026-09-03T16:46:22.689196+00:00,2026-09-03,30,T+30,ECONOMY,5,1,3,0,10,3,5491.54,803.64,150.0,251.82,6697.0,6697.0,0.0,0.0,,UNKNOWN,UNKNOWN,False,SERPAPI,INR,UNPARTITIONED_ACCUMULATING
337,DEL,BOM,DEL-BOM,QP,Akasa Air,2026-10-03,2026-09-03T16:46:22.689196+00:00,2026-09-03,30,T+30,ECONOMY,5,1,3,0,10,3,5641.6,825.6,150.0,262.8,6880.0,6880.0,0.0,0.0,,UNKNOWN,UNKNOWN,False,SERPAPI,INR,UNPARTITIONED_ACCUMULATING
338,DEL,BOM,DEL-BOM,SG,SpiceJet,2026-10-18,2026-09-03T16:46:31.029657+00:00,2026-09-03,45,T+45,ECONOMY,6,1,3,0,10,18,5557.96,813.36,150.0,256.68,6778.0,,,,,UNKNOWN,UNKNOWN,False,SERPAPI,INR,UNPARTITIONED_ACCUMULATING
339,DEL,BOM,DEL-BOM,6E,IndiGo,2026-10-18,2026-09-03T16:46:31.029657+00:00,2026-09-03,45,T+45,ECONOMY,6,1,3,0,10,18,5669.48,829.68,150.0,264.84,6914.0,,,,,UNKNOWN,UNKNOWN,False,SERPAPI,INR,UNPARTITIONED_ACCUMULATING
340,DEL,BOM,DEL-BOM,QP,Akasa Air,2026-10-18,2026-09-03T16:46:31.029657+00:00,2026-09-03,45,T+45,ECONOMY,6,1,3,0,10,18,5641.6,825.6,150.0,262.8,6880.0,,,,,UNKNOWN,UNKNOWN,False,SERPAPI,INR,UNPARTITIONED_ACCUMULATING
341,DEL,BOM,DEL-BOM,IX,Air India Express,2026-10-18,2026-09-03T16:46:31.029657+00:00,2026-09-03,45,T+45,ECONOMY,6,1,3,0,10,18,6204.12,907.92,150.0,303.96,7566.0,,,,,UNKNOWN,UNKNOWN,True,SERPAPI,INR,UNPARTITIONED_ACCUMULATING
342,MAA,DEL,MAA-DEL,6E,IndiGo,2026-09-04,2026-09-03T16:46:42.291628+00:00,2026-09-03,1,T+1,ECONOMY,4,0,3,0,9,4,8236.9,1205.4,150.0,452.7,10045.0,,,,,UNKNOWN,UNKNOWN,False,SERPAPI,INR,UNPARTITIONED_ACCUMULATING
343,MAA,DEL,MAA-DEL,AI,Air India,2026-09-04,2026-09-03T16:46:42.291628+00:00,2026-09-03,1,T+1,ECONOMY,4,0,3,0,9,4,8526.36,1247.76,150.0,473.88,10398.0,,,,,UNKNOWN,UNKNOWN,False,SERPAPI,INR,UNPARTITIONED_ACCUMULATING
344,MAA,DEL,MAA-DEL,6E,IndiGo,2026-09-06,2026-09-03T16:46:52.528332+00:00,2026-09-03,3,T+7,ECONOMY,6,1,3,0,9,6,10153.24,1485.84,150.0,592.92,12382.0,,,,,UNKNOWN,UNKNOWN,True,SERPAPI,INR,UNPARTITIONED_ACCUMULATING
345,MAA,DEL,MAA-DEL,AI,Air India,2026-09-06,2026-09-03T16:46:52.528332+00:00,2026-09-03,3,T+7,ECONOMY,6,1,3,0,9,6,14256.52,2086.32,150.0,893.16,17386.0,,,,,UNKNOWN,UNKNOWN,True,SERPAPI,INR,UNPARTITIONED_ACCUMULATING
346,MAA,DEL,MAA-DEL,IX,Air India Express,2026-09-06,2026-09-03T16:46:52.528332+00:00,2026-09-03,3,T+7,ECONOMY,6,1,3,0,9,6,10593.58,1550.28,150.0,625.14,12919.0,,,,,UNKNOWN,UNKNOWN,True,SERPAPI,INR,UNPARTITIONED_ACCUMULATING
347,MAA,DEL,MAA-DEL,6E,IndiGo,2026-09-10,2026-09-03T16:46:57.819847+00:00,2026-09-03,7,T+7,ECONOMY,3,0,3,0,9,10,7693.24,1125.84,150.0,412.92,9382.0,9382.0,0.0,0.0,,UNKNOWN,UNKNOWN,False,SERPAPI,INR,UNPARTITIONED_ACCUMULATING
348,MAA,DEL,MAA-DEL,AI,Air India,2026-09-10,2026-09-03T16:46:57.819847+00:00,2026-09-03,7,T+7,ECONOMY,3,0,3,0,9,10,8931.44,1307.04,150.0,503.52,10892.0,10892.0,0.0,0.0,,UNKNOWN,UNKNOWN,False,SERPAPI,INR,UNPARTITIONED_ACCUMULATING
349,MAA,DEL,MAA-DEL,6E,IndiGo,2026-09-18,2026-09-03T16:47:04.293518+00:00,2026-09-03,15,T+15,ECONOMY,4,0,3,0,9,18,7931.86,1160.76,150.0,430.38,9673.0,9673.0,0.0,0.0,,UNKNOWN,UNKNOWN,False,SERPAPI,INR,UNPARTITIONED_ACCUMULATING
350,MAA,DEL,MAA-DEL,AI,Air India,2026-09-18,2026-09-03T16:47:04.293518+00:00,2026-09-03,15,T+15,ECONOMY,4,0,3,0,9,18,8350.06,1221.96,150.0,460.98,10183.0,10183.0,0.0,0.0,,UNKNOWN,UNKNOWN,False,SERPAPI,INR,UNPARTITIONED_ACCUMULATING
351,MAA,DEL,MAA-DEL,6E,IndiGo,2026-10-03,2026-09-03T16:47:22.125226+00:00,2026-09-03,30,T+30,ECONOMY,5,1,3,0,10,3,7129.08,1043.28,150.0,371.64,8694.0,,,,,UNKNOWN,UNKNOWN,False,SERPAPI,INR,UNPARTITIONED_ACCUMULATING
352,MAA,DEL,MAA-DEL,AI,Air India,2026-10-03,2026-09-03T16:47:22.125226+00:00,2026-09-03,30,T+30,ECONOMY,5,1,3,0,10,3,8350.06,1221.96,150.0,460.98,10183.0,,,,,UNKNOWN,UNKNOWN,False,SERPAPI,INR,UNPARTITIONED_ACCUMULATING
353,MAA,DEL,MAA-DEL,6E,IndiGo,2026-10-18,2026-09-03T16:47:29.639473+00:00,2026-09-03,45,T+45,ECONOMY,6,1,3,0,10,18,7759.66,1135.56,150.0,417.78,9463.0,,,,,UNKNOWN,UNKNOWN,False,SERPAPI,INR,UNPARTITIONED_ACCUMULATING
354,MAA,DEL,MAA-DEL,AI,Air India,2026-10-18,2026-09-03T16:47:29.639473+00:00,2026-09-03,45,T+45,ECONOMY,6,1,3,0,10,18,8350.06,1221.96,150.0,460.98,10183.0,,,,,UNKNOWN,UNKNOWN,False,SERPAPI,INR,UNPARTITIONED_ACCUMULATING
355,DEL,BOM,DEL-BOM,6E,IndiGo,2026-09-04,2026-09-03T16:49:35.280997+00:00,2026-09-03,1,T+1,ECONOMY,4,0,3,0,9,4,4907.7,718.2,150.0,209.1,5985.0,5985.0,0.0,0.0,,UNKNOWN,UNKNOWN,True,SERPAPI,INR,UNPARTITIONED_ACCUMULATING
356,DEL,BOM,DEL-BOM,AI,Air India,2026-09-04,2026-09-03T16:49:35.280997+00:00,2026-09-03,1,T+1,ECONOMY,4,0,3,0,9,4,5397.24,789.84,150.0,244.92,6582.0,6582.0,0.0,0.0,,UNKNOWN,UNKNOWN,False,SERPAPI,INR,UNPARTITIONED_ACCUMULATING
357,DEL,BOM,DEL-BOM,IX,Air India Express,2026-09-04,2026-09-03T16:49:35.280997+00:00,2026-09-03,1,T+1,ECONOMY,4,0,3,0,9,4,5420.2,793.2,150.0,246.6,6610.0,6610.0,0.0,0.0,,UNKNOWN,UNKNOWN,False,SERPAPI,INR,UNPARTITIONED_ACCUMULATING
358,DEL,BOM,DEL-BOM,SG,SpiceJet,2026-09-04,2026-09-03T16:49:35.280997+00:00,2026-09-03,1,T+1,ECONOMY,4,0,3,0,9,4,5491.54,803.64,150.0,251.82,6697.0,6697.0,0.0,0.0,,UNKNOWN,UNKNOWN,False,SERPAPI,INR,UNPARTITIONED_ACCUMULATING
359,DEL,BOM,DEL-BOM,QP,Akasa Air,2026-09-04,2026-09-03T16:49:35.280997+00:00,2026-09-03,1,T+1,ECONOMY,4,0,3,0,9,4,5641.6,825.6,150.0,262.8,6880.0,6880.0,0.0,0.0,,UNKNOWN,UNKNOWN,False,SERPAPI,INR,UNPARTITIONED_ACCUMULATING
360,DEL,BOM,DEL-BOM,6E,IndiGo,2026-09-06,2026-09-03T16:49:43.163694+00:00,2026-09-03,3,T+7,ECONOMY,6,1,3,0,9,6,5268.5,771.0,150.0,235.5,6425.0,6425.0,0.0,0.0,,UNKNOWN,UNKNOWN,False,SERPAPI,INR,UNPARTITIONED_ACCUMULATING
361,DEL,BOM,DEL-BOM,AI,Air India,2026-09-06,2026-09-03T16:49:43.163694+00:00,2026-09-03,3,T+7,ECONOMY,6,1,3,0,9,6,5397.24,789.84,150.0,244.92,6582.0,6582.0,0.0,0.0,,UNKNOWN,UNKNOWN,False,SERPAPI,INR,UNPARTITIONED_ACCUMULATING
362,DEL,BOM,DEL-BOM,IX,Air India Express,2026-09-06,2026-09-03T16:49:43.163694+00:00,2026-09-03,3,T+7,ECONOMY,6,1,3,0,9,6,5420.2,793.2,150.0,246.6,6610.0,6610.0,0.0,0.0,,UNKNOWN,UNKNOWN,False,SERPAPI,INR,UNPARTITIONED_ACCUMULATING
363,DEL,BOM,DEL-BOM,QP,Akasa Air,2026-09-06,2026-09-03T16:49:43.163694+00:00,2026-09-03,3,T+7,ECONOMY,6,1,3,0,9,6,5641.6,825.6,150.0,262.8,6880.0,6880.0,0.0,0.0,,UNKNOWN,UNKNOWN,False,SERPAPI,INR,UNPARTITIONED_ACCUMULATING
364,DEL,BOM,DEL-BOM,SG,SpiceJet,2026-09-06,2026-09-03T16:49:43.163694+00:00,2026-09-03,3,T+7,ECONOMY,6,1,3,0,9,6,16074.46,2352.36,150.0,1026.18,19603.0,19603.0,0.0,0.0,,UNKNOWN,UNKNOWN,True,SERPAPI,INR,UNPARTITIONED_ACCUMULATING
365,DEL,BOM,DEL-BOM,6E,IndiGo,2026-09-10,2026-09-03T16:49:51.188433+00:00,2026-09-03,7,T+7,ECONOMY,3,0,3,0,9,10,4907.7,718.2,150.0,209.1,5985.0,5985.0,0.0,0.0,,UNKNOWN,UNKNOWN,True,SERPAPI,INR,UNPARTITIONED_ACCUMULATING
366,DEL,BOM,DEL-BOM,AI,Air India,2026-09-10,2026-09-03T16:49:51.188433+00:00,2026-09-03,7,T+7,ECONOMY,3,0,3,0,9,10,5397.24,789.84,150.0,244.92,6582.0,6582.0,0.0,0.0,,UNKNOWN,UNKNOWN,False,SERPAPI,INR,UNPARTITIONED_ACCUMULATING
367,DEL,BOM,DEL-BOM,SG,SpiceJet,2026-09-10,2026-09-03T16:49:51.188433+00:00,2026-09-03,7,T+7,ECONOMY,3,0,3,0,9,10,5491.54,803.64,150.0,251.82,6697.0,6697.0,0.0,0.0,,UNKNOWN,UNKNOWN,False,SERPAPI,INR,UNPARTITIONED_ACCUMULATING
368,DEL,BOM,DEL-BOM,QP,Akasa Air,2026-09-10,2026-09-03T16:49:51.188433+00:00,2026-09-03,7,T+7,ECONOMY,3,0,3,0,9,10,5641.6,825.6,150.0,262.8,6880.0,6880.0,0.0,0.0,,UNKNOWN,UNKNOWN,False,SERPAPI,INR,UNPARTITIONED_ACCUMULATING
369,DEL,BOM,DEL-BOM,IX,Air India Express,2026-09-10,2026-09-03T16:49:51.188433+00:00,2026-09-03,7,T+7,ECONOMY,3,0,3,0,9,10,5420.2,793.2,150.0,246.6,6610.0,6610.0,0.0,0.0,,UNKNOWN,UNKNOWN,False,SERPAPI,INR,UNPARTITIONED_ACCUMULATING
370,DEL,BOM,DEL-BOM,6E,IndiGo,2026-09-18,2026-09-03T16:49:59.201466+00:00,2026-09-03,15,T+15,ECONOMY,4,0,3,0,9,18,5268.5,771.0,150.0,235.5,6425.0,6425.0,0.0,0.0,,UNKNOWN,UNKNOWN,False,SERPAPI,INR,UNPARTITIONED_ACCUMULATING
371,DEL,BOM,DEL-BOM,AI,Air India,2026-09-18,2026-09-03T16:49:59.201466+00:00,2026-09-03,15,T+15,ECONOMY,4,0,3,0,9,18,5397.24,789.84,150.0,244.92,6582.0,6582.0,0.0,0.0,,UNKNOWN,UNKNOWN,False,SERPAPI,INR,UNPARTITIONED_ACCUMULATING
372,DEL,BOM,DEL-BOM,QP,Akasa Air,2026-09-18,2026-09-03T16:49:59.201466+00:00,2026-09-03,15,T+15,ECONOMY,4,0,3,0,9,18,5641.6,825.6,150.0,262.8,6880.0,6880.0,0.0,0.0,,UNKNOWN,UNKNOWN,False,SERPAPI,INR,UNPARTITIONED_ACCUMULATING
373,DEL,BOM,DEL-BOM,IX,Air India Express,2026-09-18,2026-09-03T16:49:59.201466+00:00,2026-09-03,15,T+15,ECONOMY,4,0,3,0,9,18,5420.2,793.2,150.0,246.6,6610.0,6610.0,0.0,0.0,,UNKNOWN,UNKNOWN,False,SERPAPI,INR,UNPARTITIONED_ACCUMULATING
374,DEL,BOM,DEL-BOM,SG,SpiceJet,2026-09-18,2026-09-03T16:49:59.201466+00:00,2026-09-03,15,T+15,ECONOMY,4,0,3,0,9,18,7051.18,1031.88,150.0,365.94,8599.0,8599.0,0.0,0.0,,UNKNOWN,UNKNOWN,True,SERPAPI,INR,UNPARTITIONED_ACCUMULATING
375,DEL,BOM,DEL-BOM,6E,IndiGo,2026-10-03,2026-09-03T16:50:07.246643+00:00,2026-09-03,30,T+30,ECONOMY,5,1,3,0,10,3,4907.7,718.2,150.0,209.1,5985.0,5985.0,0.0,0.0,,UNKNOWN,UNKNOWN,True,SERPAPI,INR,UNPARTITIONED_ACCUMULATING
376,DEL,BOM,DEL-BOM,AI,Air India,2026-10-03,2026-09-03T16:50:07.246643+00:00,2026-09-03,30,T+30,ECONOMY,5,1,3,0,10,3,5397.24,789.84,150.0,244.92,6582.0,6582.0,0.0,0.0,,UNKNOWN,UNKNOWN,False,SERPAPI,INR,UNPARTITIONED_ACCUMULATING
377,DEL,BOM,DEL-BOM,IX,Air India Express,2026-10-03,2026-09-03T16:50:07.246643+00:00,2026-09-03,30,T+30,ECONOMY,5,1,3,0,10,3,5420.2,793.2,150.0,246.6,6610.0,6610.0,0.0,0.0,,UNKNOWN,UNKNOWN,False,SERPAPI,INR,UNPARTITIONED_ACCUMULATING
378,DEL,BOM,DEL-BOM,SG,SpiceJet,2026-10-03,2026-09-03T16:50:07.246643+00:00,2026-09-03,30,T+30,ECONOMY,5,1,3,0,10,3,5491.54,803.64,150.0,251.82,6697.0,6697.0,0.0,0.0,,UNKNOWN,UNKNOWN,False,SERPAPI,INR,UNPARTITIONED_ACCUMULATING
379,DEL,BOM,DEL-BOM,QP,Akasa Air,2026-10-03,2026-09-03T16:50:07.246643+00:00,2026-09-03,30,T+30,ECONOMY,5,1,3,0,10,3,5641.6,825.6,150.0,262.8,6880.0,6880.0,0.0,0.0,,UNKNOWN,UNKNOWN,False,SERPAPI,INR,UNPARTITIONED_ACCUMULATING
380,DEL,BOM,DEL-BOM,SG,SpiceJet,2026-10-18,2026-09-03T16:50:15.170089+00:00,2026-09-03,45,T+45,ECONOMY,6,1,3,0,10,18,5557.96,813.36,150.0,256.68,6778.0,6778.0,0.0,0.0,,UNKNOWN,UNKNOWN,False,SERPAPI,INR,UNPARTITIONED_ACCUMULATING
381,DEL,BOM,DEL-BOM,6E,IndiGo,2026-10-18,2026-09-03T16:50:15.170089+00:00,2026-09-03,45,T+45,ECONOMY,6,1,3,0,10,18,5669.48,829.68,150.0,264.84,6914.0,6914.0,0.0,0.0,,UNKNOWN,UNKNOWN,False,SERPAPI,INR,UNPARTITIONED_ACCUMULATING
382,DEL,BOM,DEL-BOM,QP,Akasa Air,2026-10-18,2026-09-03T16:50:15.170089+00:00,2026-09-03,45,T+45,ECONOMY,6,1,3,0,10,18,5641.6,825.6,150.0,262.8,6880.0,6880.0,0.0,0.0,,UNKNOWN,UNKNOWN,False,SERPAPI,INR,UNPARTITIONED_ACCUMULATING
383,DEL,BOM,DEL-BOM,IX,Air India Express,2026-10-18,2026-09-03T16:50:15.170089+00:00,2026-09-03,45,T+45,ECONOMY,6,1,3,0,10,18,6204.12,907.92,150.0,303.96,7566.0,7566.0,0.0,0.0,,UNKNOWN,UNKNOWN,True,SERPAPI,INR,UNPARTITIONED_ACCUMULATING
384,MAA,DEL,MAA-DEL,6E,IndiGo,2026-09-04,2026-09-03T16:50:22.596615+00:00,2026-09-03,1,T+1,ECONOMY,4,0,3,0,9,4,8236.9,1205.4,150.0,452.7,10045.0,10045.0,0.0,0.0,,UNKNOWN,UNKNOWN,False,SERPAPI,INR,UNPARTITIONED_ACCUMULATING
385,MAA,DEL,MAA-DEL,AI,Air India,2026-09-04,2026-09-03T16:50:22.596615+00:00,2026-09-03,1,T+1,ECONOMY,4,0,3,0,9,4,8526.36,1247.76,150.0,473.88,10398.0,10398.0,0.0,0.0,,UNKNOWN,UNKNOWN,False,SERPAPI,INR,UNPARTITIONED_ACCUMULATING
386,MAA,DEL,MAA-DEL,6E,IndiGo,2026-09-06,2026-09-03T16:50:28.728401+00:00,2026-09-03,3,T+7,ECONOMY,6,1,3,0,9,6,10153.24,1485.84,150.0,592.92,12382.0,12382.0,0.0,0.0,,UNKNOWN,UNKNOWN,True,SERPAPI,INR,UNPARTITIONED_ACCUMULATING
387,MAA,DEL,MAA-DEL,AI,Air India,2026-09-06,2026-09-03T16:50:28.728401+00:00,2026-09-03,3,T+7,ECONOMY,6,1,3,0,9,6,14256.52,2086.32,150.0,893.16,17386.0,17386.0,0.0,0.0,,UNKNOWN,UNKNOWN,True,SERPAPI,INR,UNPARTITIONED_ACCUMULATING
388,MAA,DEL,MAA-DEL,IX,Air India Express,2026-09-06,2026-09-03T16:50:28.728401+00:00,2026-09-03,3,T+7,ECONOMY,6,1,3,0,9,6,10593.58,1550.28,150.0,625.14,12919.0,12919.0,0.0,0.0,,UNKNOWN,UNKNOWN,True,SERPAPI,INR,UNPARTITIONED_ACCUMULATING
389,MAA,DEL,MAA-DEL,6E,IndiGo,2026-09-10,2026-09-03T16:50:35.217758+00:00,2026-09-03,7,T+7,ECONOMY,3,0,3,0,9,10,7693.24,1125.84,150.0,412.92,9382.0,9382.0,0.0,0.0,,UNKNOWN,UNKNOWN,False,SERPAPI,INR,UNPARTITIONED_ACCUMULATING
390,MAA,DEL,MAA-DEL,AI,Air India,2026-09-10,2026-09-03T16:50:35.217758+00:00,2026-09-03,7,T+7,ECONOMY,3,0,3,0,9,10,8931.44,1307.04,150.0,503.52,10892.0,10892.0,0.0,0.0,,UNKNOWN,UNKNOWN,False,SERPAPI,INR,UNPARTITIONED_ACCUMULATING
391,MAA,DEL,MAA-DEL,6E,IndiGo,2026-09-18,2026-09-03T16:50:41.815178+00:00,2026-09-03,15,T+15,ECONOMY,4,0,3,0,9,18,7931.86,1160.76,150.0,430.38,9673.0,9673.0,0.0,0.0,,UNKNOWN,UNKNOWN,False,SERPAPI,INR,UNPARTITIONED_ACCUMULATING
392,MAA,DEL,MAA-DEL,AI,Air India,2026-09-18,2026-09-03T16:50:41.815178+00:00,2026-09-03,15,T+15,ECONOMY,4,0,3,0,9,18,8350.06,1221.96,150.0,460.98,10183.0,10183.0,0.0,0.0,,UNKNOWN,UNKNOWN,False,SERPAPI,INR,UNPARTITIONED_ACCUMULATING
393,MAA,DEL,MAA-DEL,6E,IndiGo,2026-10-03,2026-09-03T16:50:48.733126+00:00,2026-09-03,30,T+30,ECONOMY,5,1,3,0,10,3,7129.08,1043.28,150.0,371.64,8694.0,8694.0,0.0,0.0,,UNKNOWN,UNKNOWN,False,SERPAPI,INR,UNPARTITIONED_ACCUMULATING
394,MAA,DEL,MAA-DEL,AI,Air India,2026-10-03,2026-09-03T16:50:48.733126+00:00,2026-09-03,30,T+30,ECONOMY,5,1,3,0,10,3,8350.06,1221.96,150.0,460.98,10183.0,10183.0,0.0,0.0,,UNKNOWN,UNKNOWN,False,SERPAPI,INR,UNPARTITIONED_ACCUMULATING
395,MAA,DEL,MAA-DEL,6E,IndiGo,2026-10-18,2026-09-03T16:50:55.483642+00:00,2026-09-03,45,T+45,ECONOMY,6,1,3,0,10,18,7759.66,1135.56,150.0,417.78,9463.0,9463.0,0.0,0.0,,UNKNOWN,UNKNOWN,False,SERPAPI,INR,UNPARTITIONED_ACCUMULATING
396,MAA,DEL,MAA-DEL,AI,Air India,2026-10-18,2026-09-03T16:50:55.483642+00:00,2026-09-03,45,T+45,ECONOMY,6,1,3,0,10,18,8350.06,1221.96,150.0,460.98,10183.0,10183.0,0.0,0.0,,UNKNOWN,UNKNOWN,False,SERPAPI,INR,UNPARTITIONED_ACCUMULATING
397,DEL,BOM,DEL-BOM,6E,IndiGo,2026-09-04,2026-09-03T17:09:46.003463+00:00,2026-09-03,1,T+1,ECONOMY,4,0,3,0,9,4,4907.7,718.2,150.0,209.1,5985.0,5985.0,0.0,0.0,,UNKNOWN,UNKNOWN,True,SERPAPI,INR,UNPARTITIONED_ACCUMULATING
398,DEL,BOM,DEL-BOM,AI,Air India,2026-09-04,2026-09-03T17:09:46.003463+00:00,2026-09-03,1,T+1,ECONOMY,4,0,3,0,9,4,5397.24,789.84,150.0,244.92,6582.0,6582.0,0.0,0.0,,UNKNOWN,UNKNOWN,False,SERPAPI,INR,UNPARTITIONED_ACCUMULATING
399,DEL,BOM,DEL-BOM,IX,Air India Express,2026-09-04,2026-09-03T17:09:46.003463+00:00,2026-09-03,1,T+1,ECONOMY,4,0,3,0,9,4,5420.2,793.2,150.0,246.6,6610.0,6610.0,0.0,0.0,,UNKNOWN,UNKNOWN,False,SERPAPI,INR,UNPARTITIONED_ACCUMULATING
400,DEL,BOM,DEL-BOM,SG,SpiceJet,2026-09-04,2026-09-03T17:09:46.003463+00:00,2026-09-03,1,T+1,ECONOMY,4,0,3,0,9,4,5491.54,803.64,150.0,251.82,6697.0,6697.0,0.0,0.0,,UNKNOWN,UNKNOWN,False,SERPAPI,INR,UNPARTITIONED_ACCUMULATING
401,DEL,BOM,DEL-BOM,QP,Akasa Air,2026-09-04,2026-09-03T17:09:46.003463+00:00,2026-09-03,1,T+1,ECONOMY,4,0,3,0,9,4,5641.6,825.6,150.0,262.8,6880.0,6880.0,0.0,0.0,,UNKNOWN,UNKNOWN,False,SERPAPI,INR,UNPARTITIONED_ACCUMULATING
402,DEL,BOM,DEL-BOM,6E,IndiGo,2026-09-10,2026-09-03T17:09:53.507018+00:00,2026-09-03,7,T+7,ECONOMY,3,0,3,0,9,10,4907.7,718.2,150.0,209.1,5985.0,5985.0,0.0,0.0,,UNKNOWN,UNKNOWN,True,SERPAPI,INR,UNPARTITIONED_ACCUMULATING
403,DEL,BOM,DEL-BOM,AI,Air India,2026-09-10,2026-09-03T17:09:53.507018+00:00,2026-09-03,7,T+7,ECONOMY,3,0,3,0,9,10,5397.24,789.84,150.0,244.92,6582.0,6582.0,0.0,0.0,,UNKNOWN,UNKNOWN,False,SERPAPI,INR,UNPARTITIONED_ACCUMULATING
404,DEL,BOM,DEL-BOM,SG,SpiceJet,2026-09-10,2026-09-03T17:09:53.507018+00:00,2026-09-03,7,T+7,ECONOMY,3,0,3,0,9,10,5491.54,803.64,150.0,251.82,6697.0,6697.0,0.0,0.0,,UNKNOWN,UNKNOWN,False,SERPAPI,INR,UNPARTITIONED_ACCUMULATING
405,DEL,BOM,DEL-BOM,QP,Akasa Air,2026-09-10,2026-09-03T17:09:53.507018+00:00,2026-09-03,7,T+7,ECONOMY,3,0,3,0,9,10,5641.6,825.6,150.0,262.8,6880.0,6880.0,0.0,0.0,,UNKNOWN,UNKNOWN,False,SERPAPI,INR,UNPARTITIONED_ACCUMULATING
406,DEL,BOM,DEL-BOM,IX,Air India Express,2026-09-10,2026-09-03T17:09:53.507018+00:00,2026-09-03,7,T+7,ECONOMY,3,0,3,0,9,10,5420.2,793.2,150.0,246.6,6610.0,6610.0,0.0,0.0,,UNKNOWN,UNKNOWN,False,SERPAPI,INR,UNPARTITIONED_ACCUMULATING
407,DEL,BOM,DEL-BOM,6E,IndiGo,2026-09-18,2026-09-03T17:09:59.895368+00:00,2026-09-03,15,T+15,ECONOMY,4,0,3,0,9,18,5268.5,771.0,150.0,235.5,6425.0,6425.0,0.0,0.0,,UNKNOWN,UNKNOWN,False,SERPAPI,INR,UNPARTITIONED_ACCUMULATING
408,DEL,BOM,DEL-BOM,AI,Air India,2026-09-18,2026-09-03T17:09:59.895368+00:00,2026-09-03,15,T+15,ECONOMY,4,0,3,0,9,18,5397.24,789.84,150.0,244.92,6582.0,6582.0,0.0,0.0,,UNKNOWN,UNKNOWN,False,SERPAPI,INR,UNPARTITIONED_ACCUMULATING
409,DEL,BOM,DEL-BOM,QP,Akasa Air,2026-09-18,2026-09-03T17:09:59.895368+00:00,2026-09-03,15,T+15,ECONOMY,4,0,3,0,9,18,5641.6,825.6,150.0,262.8,6880.0,6880.0,0.0,0.0,,UNKNOWN,UNKNOWN,False,SERPAPI,INR,UNPARTITIONED_ACCUMULATING
410,DEL,BOM,DEL-BOM,IX,Air India Express,2026-09-18,2026-09-03T17:09:59.895368+00:00,2026-09-03,15,T+15,ECONOMY,4,0,3,0,9,18,5420.2,793.2,150.0,246.6,6610.0,6610.0,0.0,0.0,,UNKNOWN,UNKNOWN,False,SERPAPI,INR,UNPARTITIONED_ACCUMULATING
411,DEL,BOM,DEL-BOM,SG,SpiceJet,2026-09-18,2026-09-03T17:09:59.895368+00:00,2026-09-03,15,T+15,ECONOMY,4,0,3,0,9,18,7051.18,1031.88,150.0,365.94,8599.0,8599.0,0.0,0.0,,UNKNOWN,UNKNOWN,True,SERPAPI,INR,UNPARTITIONED_ACCUMULATING
412,DEL,BOM,DEL-BOM,6E,IndiGo,2026-10-03,2026-09-03T17:10:07.444045+00:00,2026-09-03,30,T+30,ECONOMY,5,1,3,0,10,3,4907.7,718.2,150.0,209.1,5985.0,5985.0,0.0,0.0,,UNKNOWN,UNKNOWN,True,SERPAPI,INR,UNPARTITIONED_ACCUMULATING
413,DEL,BOM,DEL-BOM,AI,Air India,2026-10-03,2026-09-03T17:10:07.444045+00:00,2026-09-03,30,T+30,ECONOMY,5,1,3,0,10,3,5397.24,789.84,150.0,244.92,6582.0,6582.0,0.0,0.0,,UNKNOWN,UNKNOWN,False,SERPAPI,INR,UNPARTITIONED_ACCUMULATING
414,DEL,BOM,DEL-BOM,IX,Air India Express,2026-10-03,2026-09-03T17:10:07.444045+00:00,2026-09-03,30,T+30,ECONOMY,5,1,3,0,10,3,5420.2,793.2,150.0,246.6,6610.0,6610.0,0.0,0.0,,UNKNOWN,UNKNOWN,False,SERPAPI,INR,UNPARTITIONED_ACCUMULATING
415,DEL,BOM,DEL-BOM,SG,SpiceJet,2026-10-03,2026-09-03T17:10:07.444045+00:00,2026-09-03,30,T+30,ECONOMY,5,1,3,0,10,3,5491.54,803.64,150.0,251.82,6697.0,6697.0,0.0,0.0,,UNKNOWN,UNKNOWN,False,SERPAPI,INR,UNPARTITIONED_ACCUMULATING
416,DEL,BOM,DEL-BOM,QP,Akasa Air,2026-10-03,2026-09-03T17:10:07.444045+00:00,2026-09-03,30,T+30,ECONOMY,5,1,3,0,10,3,5641.6,825.6,150.0,262.8,6880.0,6880.0,0.0,0.0,,UNKNOWN,UNKNOWN,False,SERPAPI,INR,UNPARTITIONED_ACCUMULATING
417,DEL,BOM,DEL-BOM,SG,SpiceJet,2026-10-18,2026-09-03T17:10:14.194003+00:00,2026-09-03,45,T+45,ECONOMY,6,1,3,0,10,18,5557.96,813.36,150.0,256.68,6778.0,6778.0,0.0,0.0,,UNKNOWN,UNKNOWN,False,SERPAPI,INR,UNPARTITIONED_ACCUMULATING
418,DEL,BOM,DEL-BOM,6E,IndiGo,2026-10-18,2026-09-03T17:10:14.194003+00:00,2026-09-03,45,T+45,ECONOMY,6,1,3,0,10,18,5669.48,829.68,150.0,264.84,6914.0,6914.0,0.0,0.0,,UNKNOWN,UNKNOWN,False,SERPAPI,INR,UNPARTITIONED_ACCUMULATING
419,DEL,BOM,DEL-BOM,QP,Akasa Air,2026-10-18,2026-09-03T17:10:14.194003+00:00,2026-09-03,45,T+45,ECONOMY,6,1,3,0,10,18,5641.6,825.6,150.0,262.8,6880.0,6880.0,0.0,0.0,,UNKNOWN,UNKNOWN,False,SERPAPI,INR,UNPARTITIONED_ACCUMULATING
420,DEL,BOM,DEL-BOM,IX,Air India Express,2026-10-18,2026-09-03T17:10:14.194003+00:00,2026-09-03,45,T+45,ECONOMY,6,1,3,0,10,18,6204.12,907.92,150.0,303.96,7566.0,7566.0,0.0,0.0,,UNKNOWN,UNKNOWN,True,SERPAPI,INR,UNPARTITIONED_ACCUMULATING
421,MAA,DEL,MAA-DEL,6E,IndiGo,2026-09-04,2026-09-03T17:10:21.251724+00:00,2026-09-03,1,T+1,ECONOMY,4,0,3,0,9,4,8236.9,1205.4,150.0,452.7,10045.0,10045.0,0.0,0.0,,UNKNOWN,UNKNOWN,False,SERPAPI,INR,UNPARTITIONED_ACCUMULATING
422,MAA,DEL,MAA-DEL,AI,Air India,2026-09-04,2026-09-03T17:10:21.251724+00:00,2026-09-03,1,T+1,ECONOMY,4,0,3,0,9,4,8526.36,1247.76,150.0,473.88,10398.0,10398.0,0.0,0.0,,UNKNOWN,UNKNOWN,False,SERPAPI,INR,UNPARTITIONED_ACCUMULATING
423,MAA,DEL,MAA-DEL,6E,IndiGo,2026-09-10,2026-09-03T17:10:28.170257+00:00,2026-09-03,7,T+7,ECONOMY,3,0,3,0,9,10,7693.24,1125.84,150.0,412.92,9382.0,9382.0,0.0,0.0,,UNKNOWN,UNKNOWN,False,SERPAPI,INR,UNPARTITIONED_ACCUMULATING
424,MAA,DEL,MAA-DEL,AI,Air India,2026-09-10,2026-09-03T17:10:28.170257+00:00,2026-09-03,7,T+7,ECONOMY,3,0,3,0,9,10,8931.44,1307.04,150.0,503.52,10892.0,10892.0,0.0,0.0,,UNKNOWN,UNKNOWN,False,SERPAPI,INR,UNPARTITIONED_ACCUMULATING
425,MAA,DEL,MAA-DEL,6E,IndiGo,2026-09-18,2026-09-03T17:10:34.172134+00:00,2026-09-03,15,T+15,ECONOMY,4,0,3,0,9,18,7931.86,1160.76,150.0,430.38,9673.0,9673.0,0.0,0.0,,UNKNOWN,UNKNOWN,False,SERPAPI,INR,UNPARTITIONED_ACCUMULATING
426,MAA,DEL,MAA-DEL,AI,Air India,2026-09-18,2026-09-03T17:10:34.172134+00:00,2026-09-03,15,T+15,ECONOMY,4,0,3,0,9,18,8350.06,1221.96,150.0,460.98,10183.0,10183.0,0.0,0.0,,UNKNOWN,UNKNOWN,False,SERPAPI,INR,UNPARTITIONED_ACCUMULATING
427,MAA,DEL,MAA-DEL,6E,IndiGo,2026-10-03,2026-09-03T17:10:40.496537+00:00,2026-09-03,30,T+30,ECONOMY,5,1,3,0,10,3,7129.08,1043.28,150.0,371.64,8694.0,8694.0,0.0,0.0,,UNKNOWN,UNKNOWN,False,SERPAPI,INR,UNPARTITIONED_ACCUMULATING
428,MAA,DEL,MAA-DEL,AI,Air India,2026-10-03,2026-09-03T17:10:40.496537+00:00,2026-09-03,30,T+30,ECONOMY,5,1,3,0,10,3,8350.06,1221.96,150.0,460.98,10183.0,10183.0,0.0,0.0,,UNKNOWN,UNKNOWN,False,SERPAPI,INR,UNPARTITIONED_ACCUMULATING
429,MAA,DEL,MAA-DEL,6E,IndiGo,2026-10-18,2026-09-03T17:10:47.354123+00:00,2026-09-03,45,T+45,ECONOMY,6,1,3,0,10,18,7759.66,1135.56,150.0,417.78,9463.0,9463.0,0.0,0.0,,UNKNOWN,UNKNOWN,False,SERPAPI,INR,UNPARTITIONED_ACCUMULATING
430,MAA,DEL,MAA-DEL,AI,Air India,2026-10-18,2026-09-03T17:10:47.354123+00:00,2026-09-03,45,T+45,ECONOMY,6,1,3,0,10,18,8350.06,1221.96,150.0,460.98,10183.0,10183.0,0.0,0.0,,UNKNOWN,UNKNOWN,False,SERPAPI,INR,UNPARTITIONED_ACCUMULATING
431,DEL,BLR,DEL-BLR,6E,IndiGo,2026-09-04,2026-09-03T17:10:55.245685+00:00,2026-09-03,1,T+1,ECONOMY,4,0,3,0,9,4,6876.52,1006.32,150.0,353.16,8386.0,,,,,UNKNOWN,UNKNOWN,False,SERPAPI,INR,UNPARTITIONED_ACCUMULATING
432,DEL,BLR,DEL-BLR,AI,Air India,2026-09-04,2026-09-03T17:10:55.245685+00:00,2026-09-03,1,T+1,ECONOMY,4,0,3,0,9,4,7284.06,1065.96,150.0,382.98,8883.0,,,,,UNKNOWN,UNKNOWN,False,SERPAPI,INR,UNPARTITIONED_ACCUMULATING
433,DEL,BLR,DEL-BLR,QP,Akasa Air,2026-09-04,2026-09-03T17:10:55.245685+00:00,2026-09-03,1,T+1,ECONOMY,4,0,3,0,9,4,7526.78,1101.48,150.0,400.74,9179.0,,,,,UNKNOWN,UNKNOWN,False,SERPAPI,INR,UNPARTITIONED_ACCUMULATING
434,DEL,BLR,DEL-BLR,IX,Air India Express,2026-09-04,2026-09-03T17:10:55.245685+00:00,2026-09-03,1,T+1,ECONOMY,4,0,3,0,9,4,8222.14,1203.24,150.0,451.62,10027.0,,,,,UNKNOWN,UNKNOWN,False,SERPAPI,INR,UNPARTITIONED_ACCUMULATING
435,DEL,BLR,DEL-BLR,6E,IndiGo,2026-09-10,2026-09-03T17:11:08.051882+00:00,2026-09-03,7,T+7,ECONOMY,3,0,3,0,9,10,6704.32,981.12,150.0,340.56,8176.0,,,,,UNKNOWN,UNKNOWN,False,SERPAPI,INR,UNPARTITIONED_ACCUMULATING
436,DEL,BLR,DEL-BLR,AI,Air India,2026-09-10,2026-09-03T17:11:08.051882+00:00,2026-09-03,7,T+7,ECONOMY,3,0,3,0,9,10,7284.06,1065.96,150.0,382.98,8883.0,,,,,UNKNOWN,UNKNOWN,False,SERPAPI,INR,UNPARTITIONED_ACCUMULATING
437,DEL,BLR,DEL-BLR,QP,Akasa Air,2026-09-10,2026-09-03T17:11:08.051882+00:00,2026-09-03,7,T+7,ECONOMY,3,0,3,0,9,10,7526.78,1101.48,150.0,400.74,9179.0,,,,,UNKNOWN,UNKNOWN,False,SERPAPI,INR,UNPARTITIONED_ACCUMULATING
438,DEL,BLR,DEL-BLR,IX,Air India Express,2026-09-10,2026-09-03T17:11:08.051882+00:00,2026-09-03,7,T+7,ECONOMY,3,0,3,0,9,10,7935.96,1161.36,150.0,430.68,9678.0,,,,,UNKNOWN,UNKNOWN,False,SERPAPI,INR,UNPARTITIONED_ACCUMULATING
439,DEL,BLR,DEL-BLR,6E,IndiGo,2026-09-18,2026-09-03T17:11:17.108433+00:00,2026-09-03,15,T+15,ECONOMY,4,0,3,0,9,18,7153.68,1046.88,150.0,373.44,8724.0,,,,,UNKNOWN,UNKNOWN,False,SERPAPI,INR,UNPARTITIONED_ACCUMULATING
440,DEL,BLR,DEL-BLR,AI,Air India,2026-09-18,2026-09-03T17:11:17.108433+00:00,2026-09-03,15,T+15,ECONOMY,4,0,3,0,9,18,7284.06,1065.96,150.0,382.98,8883.0,,,,,UNKNOWN,UNKNOWN,False,SERPAPI,INR,UNPARTITIONED_ACCUMULATING
441,DEL,BLR,DEL-BLR,QP,Akasa Air,2026-09-18,2026-09-03T17:11:17.108433+00:00,2026-09-03,15,T+15,ECONOMY,4,0,3,0,9,18,7526.78,1101.48,150.0,400.74,9179.0,,,,,UNKNOWN,UNKNOWN,False,SERPAPI,INR,UNPARTITIONED_ACCUMULATING
442,DEL,BLR,DEL-BLR,IX,Air India Express,2026-09-18,2026-09-03T17:11:17.108433+00:00,2026-09-03,15,T+15,ECONOMY,4,0,3,0,9,18,7477.58,1094.28,150.0,397.14,9119.0,,,,,UNKNOWN,UNKNOWN,False,SERPAPI,INR,UNPARTITIONED_ACCUMULATING
443,DEL,BLR,DEL-BLR,6E,IndiGo,2026-10-03,2026-09-03T17:11:25.523679+00:00,2026-09-03,30,T+30,ECONOMY,5,1,3,0,10,3,6876.52,1006.32,150.0,353.16,8386.0,,,,,UNKNOWN,UNKNOWN,False,SERPAPI,INR,UNPARTITIONED_ACCUMULATING
444,DEL,BLR,DEL-BLR,AI,Air India,2026-10-03,2026-09-03T17:11:25.523679+00:00,2026-09-03,30,T+30,ECONOMY,5,1,3,0,10,3,7284.06,1065.96,150.0,382.98,8883.0,,,,,UNKNOWN,UNKNOWN,False,SERPAPI,INR,UNPARTITIONED_ACCUMULATING
445,DEL,BLR,DEL-BLR,QP,Akasa Air,2026-10-03,2026-09-03T17:11:25.523679+00:00,2026-09-03,30,T+30,ECONOMY,5,1,3,0,10,3,7526.78,1101.48,150.0,400.74,9179.0,,,,,UNKNOWN,UNKNOWN,False,SERPAPI,INR,UNPARTITIONED_ACCUMULATING
446,DEL,BLR,DEL-BLR,IX,Air India Express,2026-10-03,2026-09-03T17:11:25.523679+00:00,2026-09-03,30,T+30,ECONOMY,5,1,3,0,10,3,7305.38,1069.08,150.0,384.54,8909.0,,,,,UNKNOWN,UNKNOWN,False,SERPAPI,INR,UNPARTITIONED_ACCUMULATING
447,DEL,BLR,DEL-BLR,6E,IndiGo,2026-10-18,2026-09-03T17:11:32.857019+00:00,2026-09-03,45,T+45,ECONOMY,6,1,3,0,10,18,8069.62,1180.92,150.0,440.46,9841.0,,,,,UNKNOWN,UNKNOWN,False,SERPAPI,INR,UNPARTITIONED_ACCUMULATING
448,DEL,BLR,DEL-BLR,IX,Air India Express,2026-10-18,2026-09-03T17:11:32.857019+00:00,2026-09-03,45,T+45,ECONOMY,6,1,3,0,10,18,7768.68,1136.88,150.0,418.44,9474.0,,,,,UNKNOWN,UNKNOWN,False,SERPAPI,INR,UNPARTITIONED_ACCUMULATING
449,DEL,BLR,DEL-BLR,SG,SpiceJet,2026-10-18,2026-09-03T17:11:32.857019+00:00,2026-09-03,45,T+45,ECONOMY,6,1,3,0,10,18,8229.52,1204.32,150.0,452.16,10036.0,,,,,UNKNOWN,UNKNOWN,False,SERPAPI,INR,UNPARTITIONED_ACCUMULATING
450,DEL,BLR,DEL-BLR,AI,Air India,2026-10-18,2026-09-03T17:11:32.857019+00:00,2026-09-03,45,T+45,ECONOMY,6,1,3,0,10,18,8528.0,1248.0,150.0,474.0,10400.0,,,,,UNKNOWN,UNKNOWN,False,SERPAPI,INR,UNPARTITIONED_ACCUMULATING
451,DEL,BLR,DEL-BLR,QP,Akasa Air,2026-10-18,2026-09-03T17:11:32.857019+00:00,2026-09-03,45,T+45,ECONOMY,6,1,3,0,10,18,8371.38,1225.08,150.0,462.54,10209.0,,,,,UNKNOWN,UNKNOWN,False,SERPAPI,INR,UNPARTITIONED_ACCUMULATING
452,BOM,BLR,BOM-BLR,6E,IndiGo,2026-09-04,2026-09-03T17:11:41.372957+00:00,2026-09-03,1,T+1,ECONOMY,4,0,3,0,9,4,4423.08,647.28,150.0,173.64,5394.0,,,,,UNKNOWN,UNKNOWN,False,SERPAPI,INR,UNPARTITIONED_ACCUMULATING
453,BOM,BLR,BOM-BLR,AI,Air India,2026-09-04,2026-09-03T17:11:41.372957+00:00,2026-09-03,1,T+1,ECONOMY,4,0,3,0,9,4,4604.3,673.8,150.0,186.9,5615.0,,,,,UNKNOWN,UNKNOWN,False,SERPAPI,INR,UNPARTITIONED_ACCUMULATING
454,BOM,BLR,BOM-BLR,QP,Akasa Air,2026-09-04,2026-09-03T17:11:41.372957+00:00,2026-09-03,1,T+1,ECONOMY,4,0,3,0,9,4,5956.48,871.68,150.0,285.84,7264.0,,,,,UNKNOWN,UNKNOWN,False,SERPAPI,INR,UNPARTITIONED_ACCUMULATING
455,BOM,BLR,BOM-BLR,6E,IndiGo,2026-09-10,2026-09-03T17:11:50.831798+00:00,2026-09-03,7,T+7,ECONOMY,3,0,3,0,9,10,4218.08,617.28,150.0,158.64,5144.0,,,,,UNKNOWN,UNKNOWN,False,SERPAPI,INR,UNPARTITIONED_ACCUMULATING
456,BOM,BLR,BOM-BLR,AI,Air India,2026-09-10,2026-09-03T17:11:50.831798+00:00,2026-09-03,7,T+7,ECONOMY,3,0,3,0,9,10,4346.0,636.0,150.0,168.0,5300.0,,,,,UNKNOWN,UNKNOWN,False,SERPAPI,INR,UNPARTITIONED_ACCUMULATING
457,BOM,BLR,BOM-BLR,QP,Akasa Air,2026-09-10,2026-09-03T17:11:50.831798+00:00,2026-09-03,7,T+7,ECONOMY,3,0,3,0,9,10,4428.0,648.0,150.0,174.0,5400.0,,,,,UNKNOWN,UNKNOWN,False,SERPAPI,INR,UNPARTITIONED_ACCUMULATING
458,BOM,BLR,BOM-BLR,IX,Air India Express,2026-09-10,2026-09-03T17:11:50.831798+00:00,2026-09-03,7,T+7,ECONOMY,3,0,3,0,9,10,6802.72,995.52,150.0,347.76,8296.0,,,,,UNKNOWN,UNKNOWN,True,SERPAPI,INR,UNPARTITIONED_ACCUMULATING
459,BOM,BLR,BOM-BLR,6E,IndiGo,2026-09-18,2026-09-03T17:11:59.243637+00:00,2026-09-03,15,T+15,ECONOMY,4,0,3,0,9,18,4218.08,617.28,150.0,158.64,5144.0,,,,,UNKNOWN,UNKNOWN,False,SERPAPI,INR,UNPARTITIONED_ACCUMULATING
460,BOM,BLR,BOM-BLR,AI,Air India,2026-09-18,2026-09-03T17:11:59.243637+00:00,2026-09-03,15,T+15,ECONOMY,4,0,3,0,9,18,4346.0,636.0,150.0,168.0,5300.0,,,,,UNKNOWN,UNKNOWN,False,SERPAPI,INR,UNPARTITIONED_ACCUMULATING
461,BOM,BLR,BOM-BLR,QP,Akasa Air,2026-09-18,2026-09-03T17:11:59.243637+00:00,2026-09-03,15,T+15,ECONOMY,4,0,3,0,9,18,4428.0,648.0,150.0,174.0,5400.0,,,,,UNKNOWN,UNKNOWN,False,SERPAPI,INR,UNPARTITIONED_ACCUMULATING
462,BOM,BLR,BOM-BLR,6E,IndiGo,2026-10-03,2026-09-03T17:12:13.582462+00:00,2026-09-03,30,T+30,ECONOMY,5,1,3,0,10,3,4113.94,602.04,150.0,151.02,5017.0,,,,,UNKNOWN,UNKNOWN,False,SERPAPI,INR,UNPARTITIONED_ACCUMULATING
463,BOM,BLR,BOM-BLR,AI,Air India,2026-10-03,2026-09-03T17:12:13.582462+00:00,2026-09-03,30,T+30,ECONOMY,5,1,3,0,10,3,4346.0,636.0,150.0,168.0,5300.0,,,,,UNKNOWN,UNKNOWN,False,SERPAPI,INR,UNPARTITIONED_ACCUMULATING
464,BOM,BLR,BOM-BLR,QP,Akasa Air,2026-10-03,2026-09-03T17:12:13.582462+00:00,2026-09-03,30,T+30,ECONOMY,5,1,3,0,10,3,4428.0,648.0,150.0,174.0,5400.0,,,,,UNKNOWN,UNKNOWN,False,SERPAPI,INR,UNPARTITIONED_ACCUMULATING
465,BOM,BLR,BOM-BLR,QP,Akasa Air,2026-10-18,2026-09-03T17:12:22.385057+00:00,2026-09-03,45,T+45,ECONOMY,6,1,3,0,10,18,4938.86,722.76,150.0,211.38,6023.0,,,,,UNKNOWN,UNKNOWN,False,SERPAPI,INR,UNPARTITIONED_ACCUMULATING
466,BOM,BLR,BOM-BLR,SG,SpiceJet,2026-10-18,2026-09-03T17:12:22.385057+00:00,2026-09-03,45,T+45,ECONOMY,6,1,3,0,10,18,5203.72,761.52,150.0,230.76,6346.0,,,,,UNKNOWN,UNKNOWN,False,SERPAPI,INR,UNPARTITIONED_ACCUMULATING
467,BOM,BLR,BOM-BLR,6E,IndiGo,2026-10-18,2026-09-03T17:12:22.385057+00:00,2026-09-03,45,T+45,ECONOMY,6,1,3,0,10,18,5704.74,834.84,150.0,267.42,6957.0,,,,,UNKNOWN,UNKNOWN,False,SERPAPI,INR,UNPARTITIONED_ACCUMULATING
468,BOM,BLR,BOM-BLR,AI,Air India,2026-10-18,2026-09-03T17:12:22.385057+00:00,2026-09-03,45,T+45,ECONOMY,6,1,3,0,10,18,5848.24,855.84,150.0,277.92,7132.0,,,,,UNKNOWN,UNKNOWN,False,SERPAPI,INR,UNPARTITIONED_ACCUMULATING
469,DEL,BOM,DEL-BOM,6E,IndiGo,2026-09-04,2026-09-03T17:19:04.741433+00:00,2026-09-03,1,T+1,ECONOMY,4,0,3,0,9,4,4907.7,718.2,150.0,209.1,5985.0,5985.0,0.0,0.0,,UNKNOWN,UNKNOWN,True,SERPAPI,INR,UNPARTITIONED_ACCUMULATING
470,DEL,BOM,DEL-BOM,AI,Air India,2026-09-04,2026-09-03T17:19:04.741433+00:00,2026-09-03,1,T+1,ECONOMY,4,0,3,0,9,4,5397.24,789.84,150.0,244.92,6582.0,6582.0,0.0,0.0,,UNKNOWN,UNKNOWN,False,SERPAPI,INR,UNPARTITIONED_ACCUMULATING
471,DEL,BOM,DEL-BOM,IX,Air India Express,2026-09-04,2026-09-03T17:19:04.741433+00:00,2026-09-03,1,T+1,ECONOMY,4,0,3,0,9,4,5420.2,793.2,150.0,246.6,6610.0,6610.0,0.0,0.0,,UNKNOWN,UNKNOWN,False,SERPAPI,INR,UNPARTITIONED_ACCUMULATING
472,DEL,BOM,DEL-BOM,SG,SpiceJet,2026-09-04,2026-09-03T17:19:04.741433+00:00,2026-09-03,1,T+1,ECONOMY,4,0,3,0,9,4,5491.54,803.64,150.0,251.82,6697.0,6697.0,0.0,0.0,,UNKNOWN,UNKNOWN,False,SERPAPI,INR,UNPARTITIONED_ACCUMULATING
473,DEL,BOM,DEL-BOM,QP,Akasa Air,2026-09-04,2026-09-03T17:19:04.741433+00:00,2026-09-03,1,T+1,ECONOMY,4,0,3,0,9,4,5641.6,825.6,150.0,262.8,6880.0,6880.0,0.0,0.0,,UNKNOWN,UNKNOWN,False,SERPAPI,INR,UNPARTITIONED_ACCUMULATING
474,DEL,BOM,DEL-BOM,6E,IndiGo,2026-09-10,2026-09-03T17:19:12.144064+00:00,2026-09-03,7,T+7,ECONOMY,3,0,3,0,9,10,4907.7,718.2,150.0,209.1,5985.0,5985.0,0.0,0.0,,UNKNOWN,UNKNOWN,True,SERPAPI,INR,UNPARTITIONED_ACCUMULATING
475,DEL,BOM,DEL-BOM,AI,Air India,2026-09-10,2026-09-03T17:19:12.144064+00:00,2026-09-03,7,T+7,ECONOMY,3,0,3,0,9,10,5397.24,789.84,150.0,244.92,6582.0,6582.0,0.0,0.0,,UNKNOWN,UNKNOWN,False,SERPAPI,INR,UNPARTITIONED_ACCUMULATING
476,DEL,BOM,DEL-BOM,SG,SpiceJet,2026-09-10,2026-09-03T17:19:12.144064+00:00,2026-09-03,7,T+7,ECONOMY,3,0,3,0,9,10,5491.54,803.64,150.0,251.82,6697.0,6697.0,0.0,0.0,,UNKNOWN,UNKNOWN,False,SERPAPI,INR,UNPARTITIONED_ACCUMULATING
477,DEL,BOM,DEL-BOM,QP,Akasa Air,2026-09-10,2026-09-03T17:19:12.144064+00:00,2026-09-03,7,T+7,ECONOMY,3,0,3,0,9,10,5641.6,825.6,150.0,262.8,6880.0,6880.0,0.0,0.0,,UNKNOWN,UNKNOWN,False,SERPAPI,INR,UNPARTITIONED_ACCUMULATING
478,DEL,BOM,DEL-BOM,IX,Air India Express,2026-09-10,2026-09-03T17:19:12.144064+00:00,2026-09-03,7,T+7,ECONOMY,3,0,3,0,9,10,5420.2,793.2,150.0,246.6,6610.0,6610.0,0.0,0.0,,UNKNOWN,UNKNOWN,False,SERPAPI,INR,UNPARTITIONED_ACCUMULATING
479,DEL,BOM,DEL-BOM,6E,IndiGo,2026-09-18,2026-09-03T17:19:20.333258+00:00,2026-09-03,15,T+15,ECONOMY,4,0,3,0,9,18,5268.5,771.0,150.0,235.5,6425.0,6425.0,0.0,0.0,,UNKNOWN,UNKNOWN,False,SERPAPI,INR,UNPARTITIONED_ACCUMULATING
480,DEL,BOM,DEL-BOM,AI,Air India,2026-09-18,2026-09-03T17:19:20.333258+00:00,2026-09-03,15,T+15,ECONOMY,4,0,3,0,9,18,5397.24,789.84,150.0,244.92,6582.0,6582.0,0.0,0.0,,UNKNOWN,UNKNOWN,False,SERPAPI,INR,UNPARTITIONED_ACCUMULATING
481,DEL,BOM,DEL-BOM,QP,Akasa Air,2026-09-18,2026-09-03T17:19:20.333258+00:00,2026-09-03,15,T+15,ECONOMY,4,0,3,0,9,18,5641.6,825.6,150.0,262.8,6880.0,6880.0,0.0,0.0,,UNKNOWN,UNKNOWN,False,SERPAPI,INR,UNPARTITIONED_ACCUMULATING
482,DEL,BOM,DEL-BOM,IX,Air India Express,2026-09-18,2026-09-03T17:19:20.333258+00:00,2026-09-03,15,T+15,ECONOMY,4,0,3,0,9,18,5420.2,793.2,150.0,246.6,6610.0,6610.0,0.0,0.0,,UNKNOWN,UNKNOWN,False,SERPAPI,INR,UNPARTITIONED_ACCUMULATING
483,DEL,BOM,DEL-BOM,SG,SpiceJet,2026-09-18,2026-09-03T17:19:20.333258+00:00,2026-09-03,15,T+15,ECONOMY,4,0,3,0,9,18,7051.18,1031.88,150.0,365.94,8599.0,8599.0,0.0,0.0,,UNKNOWN,UNKNOWN,True,SERPAPI,INR,UNPARTITIONED_ACCUMULATING
484,DEL,BOM,DEL-BOM,6E,IndiGo,2026-10-03,2026-09-03T17:19:26.698668+00:00,2026-09-03,30,T+30,ECONOMY,5,1,3,0,10,3,4907.7,718.2,150.0,209.1,5985.0,5985.0,0.0,0.0,,UNKNOWN,UNKNOWN,True,SERPAPI,INR,UNPARTITIONED_ACCUMULATING
485,DEL,BOM,DEL-BOM,AI,Air India,2026-10-03,2026-09-03T17:19:26.698668+00:00,2026-09-03,30,T+30,ECONOMY,5,1,3,0,10,3,5397.24,789.84,150.0,244.92,6582.0,6582.0,0.0,0.0,,UNKNOWN,UNKNOWN,False,SERPAPI,INR,UNPARTITIONED_ACCUMULATING
486,DEL,BOM,DEL-BOM,IX,Air India Express,2026-10-03,2026-09-03T17:19:26.698668+00:00,2026-09-03,30,T+30,ECONOMY,5,1,3,0,10,3,5420.2,793.2,150.0,246.6,6610.0,6610.0,0.0,0.0,,UNKNOWN,UNKNOWN,False,SERPAPI,INR,UNPARTITIONED_ACCUMULATING
487,DEL,BOM,DEL-BOM,SG,SpiceJet,2026-10-03,2026-09-03T17:19:26.698668+00:00,2026-09-03,30,T+30,ECONOMY,5,1,3,0,10,3,5491.54,803.64,150.0,251.82,6697.0,6697.0,0.0,0.0,,UNKNOWN,UNKNOWN,False,SERPAPI,INR,UNPARTITIONED_ACCUMULATING
488,DEL,BOM,DEL-BOM,QP,Akasa Air,2026-10-03,2026-09-03T17:19:26.698668+00:00,2026-09-03,30,T+30,ECONOMY,5,1,3,0,10,3,5641.6,825.6,150.0,262.8,6880.0,6880.0,0.0,0.0,,UNKNOWN,UNKNOWN,False,SERPAPI,INR,UNPARTITIONED_ACCUMULATING
489,DEL,BOM,DEL-BOM,SG,SpiceJet,2026-10-18,2026-09-03T17:19:34.020064+00:00,2026-09-03,45,T+45,ECONOMY,6,1,3,0,10,18,5557.96,813.36,150.0,256.68,6778.0,6778.0,0.0,0.0,,UNKNOWN,UNKNOWN,False,SERPAPI,INR,UNPARTITIONED_ACCUMULATING
490,DEL,BOM,DEL-BOM,6E,IndiGo,2026-10-18,2026-09-03T17:19:34.020064+00:00,2026-09-03,45,T+45,ECONOMY,6,1,3,0,10,18,5669.48,829.68,150.0,264.84,6914.0,6914.0,0.0,0.0,,UNKNOWN,UNKNOWN,False,SERPAPI,INR,UNPARTITIONED_ACCUMULATING
491,DEL,BOM,DEL-BOM,QP,Akasa Air,2026-10-18,2026-09-03T17:19:34.020064+00:00,2026-09-03,45,T+45,ECONOMY,6,1,3,0,10,18,5641.6,825.6,150.0,262.8,6880.0,6880.0,0.0,0.0,,UNKNOWN,UNKNOWN,False,SERPAPI,INR,UNPARTITIONED_ACCUMULATING
492,DEL,BOM,DEL-BOM,IX,Air India Express,2026-10-18,2026-09-03T17:19:34.020064+00:00,2026-09-03,45,T+45,ECONOMY,6,1,3,0,10,18,6204.12,907.92,150.0,303.96,7566.0,7566.0,0.0,0.0,,UNKNOWN,UNKNOWN,True,SERPAPI,INR,UNPARTITIONED_ACCUMULATING
493,MAA,DEL,MAA-DEL,6E,IndiGo,2026-09-04,2026-09-03T17:19:41.417382+00:00,2026-09-03,1,T+1,ECONOMY,4,0,3,0,9,4,8236.9,1205.4,150.0,452.7,10045.0,10045.0,0.0,0.0,,UNKNOWN,UNKNOWN,False,SERPAPI,INR,UNPARTITIONED_ACCUMULATING
494,MAA,DEL,MAA-DEL,AI,Air India,2026-09-04,2026-09-03T17:19:41.417382+00:00,2026-09-03,1,T+1,ECONOMY,4,0,3,0,9,4,8526.36,1247.76,150.0,473.88,10398.0,10398.0,0.0,0.0,,UNKNOWN,UNKNOWN,False,SERPAPI,INR,UNPARTITIONED_ACCUMULATING
495,MAA,DEL,MAA-DEL,6E,IndiGo,2026-09-10,2026-09-03T17:19:47.693613+00:00,2026-09-03,7,T+7,ECONOMY,3,0,3,0,9,10,7693.24,1125.84,150.0,412.92,9382.0,9382.0,0.0,0.0,,UNKNOWN,UNKNOWN,False,SERPAPI,INR,UNPARTITIONED_ACCUMULATING
496,MAA,DEL,MAA-DEL,AI,Air India,2026-09-10,2026-09-03T17:19:47.693613+00:00,2026-09-03,7,T+7,ECONOMY,3,0,3,0,9,10,8931.44,1307.04,150.0,503.52,10892.0,10892.0,0.0,0.0,,UNKNOWN,UNKNOWN,False,SERPAPI,INR,UNPARTITIONED_ACCUMULATING
497,MAA,DEL,MAA-DEL,6E,IndiGo,2026-09-18,2026-09-03T17:19:54.292285+00:00,2026-09-03,15,T+15,ECONOMY,4,0,3,0,9,18,7931.86,1160.76,150.0,430.38,9673.0,9673.0,0.0,0.0,,UNKNOWN,UNKNOWN,False,SERPAPI,INR,UNPARTITIONED_ACCUMULATING
498,MAA,DEL,MAA-DEL,AI,Air India,2026-09-18,2026-09-03T17:19:54.292285+00:00,2026-09-03,15,T+15,ECONOMY,4,0,3,0,9,18,8350.06,1221.96,150.0,460.98,10183.0,10183.0,0.0,0.0,,UNKNOWN,UNKNOWN,False,SERPAPI,INR,UNPARTITIONED_ACCUMULATING
499,MAA,DEL,MAA-DEL,6E,IndiGo,2026-10-03,2026-09-03T17:20:00.829613+00:00,2026-09-03,30,T+30,ECONOMY,5,1,3,0,10,3,7129.08,1043.28,150.0,371.64,8694.0,8694.0,0.0,0.0,,UNKNOWN,UNKNOWN,False,SERPAPI,INR,UNPARTITIONED_ACCUMULATING
500,MAA,DEL,MAA-DEL,AI,Air India,2026-10-03,2026-09-03T17:20:00.829613+00:00,2026-09-03,30,T+30,ECONOMY,5,1,3,0,10,3,8350.06,1221.96,150.0,460.98,10183.0,10183.0,0.0,0.0,,UNKNOWN,UNKNOWN,False,SERPAPI,INR,UNPARTITIONED_ACCUMULATING
501,MAA,DEL,MAA-DEL,6E,IndiGo,2026-10-18,2026-09-03T17:20:06.595562+00:00,2026-09-03,45,T+45,ECONOMY,6,1,3,0,10,18,7759.66,1135.56,150.0,417.78,9463.0,9463.0,0.0,0.0,,UNKNOWN,UNKNOWN,False,SERPAPI,INR,UNPARTITIONED_ACCUMULATING
502,MAA,DEL,MAA-DEL,AI,Air India,2026-10-18,2026-09-03T17:20:06.595562+00:00,2026-09-03,45,T+45,ECONOMY,6,1,3,0,10,18,8350.06,1221.96,150.0,460.98,10183.0,10183.0,0.0,0.0,,UNKNOWN,UNKNOWN,False,SERPAPI,INR,UNPARTITIONED_ACCUMULATING
503,DEL,BLR,DEL-BLR,6E,IndiGo,2026-09-04,2026-09-03T17:20:13.501415+00:00,2026-09-03,1,T+1,ECONOMY,4,0,3,0,9,4,6876.52,1006.32,150.0,353.16,8386.0,8386.0,0.0,0.0,,UNKNOWN,UNKNOWN,False,SERPAPI,INR,UNPARTITIONED_ACCUMULATING
504,DEL,BLR,DEL-BLR,AI,Air India,2026-09-04,2026-09-03T17:20:13.501415+00:00,2026-09-03,1,T+1,ECONOMY,4,0,3,0,9,4,7284.06,1065.96,150.0,382.98,8883.0,8883.0,0.0,0.0,,UNKNOWN,UNKNOWN,False,SERPAPI,INR,UNPARTITIONED_ACCUMULATING
505,DEL,BLR,DEL-BLR,QP,Akasa Air,2026-09-04,2026-09-03T17:20:13.501415+00:00,2026-09-03,1,T+1,ECONOMY,4,0,3,0,9,4,7526.78,1101.48,150.0,400.74,9179.0,9179.0,0.0,0.0,,UNKNOWN,UNKNOWN,False,SERPAPI,INR,UNPARTITIONED_ACCUMULATING
506,DEL,BLR,DEL-BLR,IX,Air India Express,2026-09-04,2026-09-03T17:20:13.501415+00:00,2026-09-03,1,T+1,ECONOMY,4,0,3,0,9,4,8222.14,1203.24,150.0,451.62,10027.0,10027.0,0.0,0.0,,UNKNOWN,UNKNOWN,False,SERPAPI,INR,UNPARTITIONED_ACCUMULATING
507,DEL,BLR,DEL-BLR,6E,IndiGo,2026-09-10,2026-09-03T17:20:19.937511+00:00,2026-09-03,7,T+7,ECONOMY,3,0,3,0,9,10,6704.32,981.12,150.0,340.56,8176.0,8176.0,0.0,0.0,,UNKNOWN,UNKNOWN,False,SERPAPI,INR,UNPARTITIONED_ACCUMULATING
508,DEL,BLR,DEL-BLR,AI,Air India,2026-09-10,2026-09-03T17:20:19.937511+00:00,2026-09-03,7,T+7,ECONOMY,3,0,3,0,9,10,7284.06,1065.96,150.0,382.98,8883.0,8883.0,0.0,0.0,,UNKNOWN,UNKNOWN,False,SERPAPI,INR,UNPARTITIONED_ACCUMULATING
509,DEL,BLR,DEL-BLR,QP,Akasa Air,2026-09-10,2026-09-03T17:20:19.937511+00:00,2026-09-03,7,T+7,ECONOMY,3,0,3,0,9,10,7526.78,1101.48,150.0,400.74,9179.0,9179.0,0.0,0.0,,UNKNOWN,UNKNOWN,False,SERPAPI,INR,UNPARTITIONED_ACCUMULATING
510,DEL,BLR,DEL-BLR,IX,Air India Express,2026-09-10,2026-09-03T17:20:19.937511+00:00,2026-09-03,7,T+7,ECONOMY,3,0,3,0,9,10,7935.96,1161.36,150.0,430.68,9678.0,9678.0,0.0,0.0,,UNKNOWN,UNKNOWN,False,SERPAPI,INR,UNPARTITIONED_ACCUMULATING
511,DEL,BLR,DEL-BLR,6E,IndiGo,2026-09-18,2026-09-03T17:20:27.050535+00:00,2026-09-03,15,T+15,ECONOMY,4,0,3,0,9,18,7153.68,1046.88,150.0,373.44,8724.0,8724.0,0.0,0.0,,UNKNOWN,UNKNOWN,False,SERPAPI,INR,UNPARTITIONED_ACCUMULATING
512,DEL,BLR,DEL-BLR,AI,Air India,2026-09-18,2026-09-03T17:20:27.050535+00:00,2026-09-03,15,T+15,ECONOMY,4,0,3,0,9,18,7284.06,1065.96,150.0,382.98,8883.0,8883.0,0.0,0.0,,UNKNOWN,UNKNOWN,False,SERPAPI,INR,UNPARTITIONED_ACCUMULATING
513,DEL,BLR,DEL-BLR,QP,Akasa Air,2026-09-18,2026-09-03T17:20:27.050535+00:00,2026-09-03,15,T+15,ECONOMY,4,0,3,0,9,18,7526.78,1101.48,150.0,400.74,9179.0,9179.0,0.0,0.0,,UNKNOWN,UNKNOWN,False,SERPAPI,INR,UNPARTITIONED_ACCUMULATING
514,DEL,BLR,DEL-BLR,IX,Air India Express,2026-09-18,2026-09-03T17:20:27.050535+00:00,2026-09-03,15,T+15,ECONOMY,4,0,3,0,9,18,7477.58,1094.28,150.0,397.14,9119.0,9119.0,0.0,0.0,,UNKNOWN,UNKNOWN,False,SERPAPI,INR,UNPARTITIONED_ACCUMULATING
515,DEL,BLR,DEL-BLR,6E,IndiGo,2026-10-03,2026-09-03T17:20:33.662957+00:00,2026-09-03,30,T+30,ECONOMY,5,1,3,0,10,3,6876.52,1006.32,150.0,353.16,8386.0,8386.0,0.0,0.0,,UNKNOWN,UNKNOWN,False,SERPAPI,INR,UNPARTITIONED_ACCUMULATING
516,DEL,BLR,DEL-BLR,AI,Air India,2026-10-03,2026-09-03T17:20:33.662957+00:00,2026-09-03,30,T+30,ECONOMY,5,1,3,0,10,3,7284.06,1065.96,150.0,382.98,8883.0,8883.0,0.0,0.0,,UNKNOWN,UNKNOWN,False,SERPAPI,INR,UNPARTITIONED_ACCUMULATING
517,DEL,BLR,DEL-BLR,QP,Akasa Air,2026-10-03,2026-09-03T17:20:33.662957+00:00,2026-09-03,30,T+30,ECONOMY,5,1,3,0,10,3,7526.78,1101.48,150.0,400.74,9179.0,9179.0,0.0,0.0,,UNKNOWN,UNKNOWN,False,SERPAPI,INR,UNPARTITIONED_ACCUMULATING
518,DEL,BLR,DEL-BLR,IX,Air India Express,2026-10-03,2026-09-03T17:20:33.662957+00:00,2026-09-03,30,T+30,ECONOMY,5,1,3,0,10,3,7305.38,1069.08,150.0,384.54,8909.0,8909.0,0.0,0.0,,UNKNOWN,UNKNOWN,False,SERPAPI,INR,UNPARTITIONED_ACCUMULATING
519,DEL,BLR,DEL-BLR,6E,IndiGo,2026-10-18,2026-09-03T17:20:40.102501+00:00,2026-09-03,45,T+45,ECONOMY,6,1,3,0,10,18,8069.62,1180.92,150.0,440.46,9841.0,9841.0,0.0,0.0,,UNKNOWN,UNKNOWN,False,SERPAPI,INR,UNPARTITIONED_ACCUMULATING
520,DEL,BLR,DEL-BLR,IX,Air India Express,2026-10-18,2026-09-03T17:20:40.102501+00:00,2026-09-03,45,T+45,ECONOMY,6,1,3,0,10,18,7768.68,1136.88,150.0,418.44,9474.0,9474.0,0.0,0.0,,UNKNOWN,UNKNOWN,False,SERPAPI,INR,UNPARTITIONED_ACCUMULATING
521,DEL,BLR,DEL-BLR,SG,SpiceJet,2026-10-18,2026-09-03T17:20:40.102501+00:00,2026-09-03,45,T+45,ECONOMY,6,1,3,0,10,18,8229.52,1204.32,150.0,452.16,10036.0,10036.0,0.0,0.0,,UNKNOWN,UNKNOWN,False,SERPAPI,INR,UNPARTITIONED_ACCUMULATING
522,DEL,BLR,DEL-BLR,AI,Air India,2026-10-18,2026-09-03T17:20:40.102501+00:00,2026-09-03,45,T+45,ECONOMY,6,1,3,0,10,18,8528.0,1248.0,150.0,474.0,10400.0,10400.0,0.0,0.0,,UNKNOWN,UNKNOWN,False,SERPAPI,INR,UNPARTITIONED_ACCUMULATING
523,DEL,BLR,DEL-BLR,QP,Akasa Air,2026-10-18,2026-09-03T17:20:40.102501+00:00,2026-09-03,45,T+45,ECONOMY,6,1,3,0,10,18,8371.38,1225.08,150.0,462.54,10209.0,10209.0,0.0,0.0,,UNKNOWN,UNKNOWN,False,SERPAPI,INR,UNPARTITIONED_ACCUMULATING
524,BOM,BLR,BOM-BLR,6E,IndiGo,2026-09-04,2026-09-03T17:20:48.532127+00:00,2026-09-03,1,T+1,ECONOMY,4,0,3,0,9,4,4423.08,647.28,150.0,173.64,5394.0,5394.0,0.0,0.0,,UNKNOWN,UNKNOWN,False,SERPAPI,INR,UNPARTITIONED_ACCUMULATING
525,BOM,BLR,BOM-BLR,AI,Air India,2026-09-04,2026-09-03T17:20:48.532127+00:00,2026-09-03,1,T+1,ECONOMY,4,0,3,0,9,4,4604.3,673.8,150.0,186.9,5615.0,5615.0,0.0,0.0,,UNKNOWN,UNKNOWN,False,SERPAPI,INR,UNPARTITIONED_ACCUMULATING
526,BOM,BLR,BOM-BLR,QP,Akasa Air,2026-09-04,2026-09-03T17:20:48.532127+00:00,2026-09-03,1,T+1,ECONOMY,4,0,3,0,9,4,5956.48,871.68,150.0,285.84,7264.0,7264.0,0.0,0.0,,UNKNOWN,UNKNOWN,False,SERPAPI,INR,UNPARTITIONED_ACCUMULATING
527,BOM,BLR,BOM-BLR,6E,IndiGo,2026-09-10,2026-09-03T17:20:55.335937+00:00,2026-09-03,7,T+7,ECONOMY,3,0,3,0,9,10,4218.08,617.28,150.0,158.64,5144.0,5144.0,0.0,0.0,,UNKNOWN,UNKNOWN,False,SERPAPI,INR,UNPARTITIONED_ACCUMULATING
528,BOM,BLR,BOM-BLR,AI,Air India,2026-09-10,2026-09-03T17:20:55.335937+00:00,2026-09-03,7,T+7,ECONOMY,3,0,3,0,9,10,4346.0,636.0,150.0,168.0,5300.0,5300.0,0.0,0.0,,UNKNOWN,UNKNOWN,False,SERPAPI,INR,UNPARTITIONED_ACCUMULATING
529,BOM,BLR,BOM-BLR,QP,Akasa Air,2026-09-10,2026-09-03T17:20:55.335937+00:00,2026-09-03,7,T+7,ECONOMY,3,0,3,0,9,10,4428.0,648.0,150.0,174.0,5400.0,5400.0,0.0,0.0,,UNKNOWN,UNKNOWN,False,SERPAPI,INR,UNPARTITIONED_ACCUMULATING
530,BOM,BLR,BOM-BLR,IX,Air India Express,2026-09-10,2026-09-03T17:20:55.335937+00:00,2026-09-03,7,T+7,ECONOMY,3,0,3,0,9,10,6802.72,995.52,150.0,347.76,8296.0,8296.0,0.0,0.0,,UNKNOWN,UNKNOWN,True,SERPAPI,INR,UNPARTITIONED_ACCUMULATING
531,BOM,BLR,BOM-BLR,6E,IndiGo,2026-09-18,2026-09-03T17:21:03.134653+00:00,2026-09-03,15,T+15,ECONOMY,4,0,3,0,9,18,4218.08,617.28,150.0,158.64,5144.0,5144.0,0.0,0.0,,UNKNOWN,UNKNOWN,False,SERPAPI,INR,UNPARTITIONED_ACCUMULATING
532,BOM,BLR,BOM-BLR,AI,Air India,2026-09-18,2026-09-03T17:21:03.134653+00:00,2026-09-03,15,T+15,ECONOMY,4,0,3,0,9,18,4346.0,636.0,150.0,168.0,5300.0,5300.0,0.0,0.0,,UNKNOWN,UNKNOWN,False,SERPAPI,INR,UNPARTITIONED_ACCUMULATING
533,BOM,BLR,BOM-BLR,QP,Akasa Air,2026-09-18,2026-09-03T17:21:03.134653+00:00,2026-09-03,15,T+15,ECONOMY,4,0,3,0,9,18,4428.0,648.0,150.0,174.0,5400.0,5400.0,0.0,0.0,,UNKNOWN,UNKNOWN,False,SERPAPI,INR,UNPARTITIONED_ACCUMULATING
534,BOM,BLR,BOM-BLR,6E,IndiGo,2026-10-03,2026-09-03T17:21:10.102535+00:00,2026-09-03,30,T+30,ECONOMY,5,1,3,0,10,3,4113.94,602.04,150.0,151.02,5017.0,5017.0,0.0,0.0,,UNKNOWN,UNKNOWN,False,SERPAPI,INR,UNPARTITIONED_ACCUMULATING
535,BOM,BLR,BOM-BLR,AI,Air India,2026-10-03,2026-09-03T17:21:10.102535+00:00,2026-09-03,30,T+30,ECONOMY,5,1,3,0,10,3,4346.0,636.0,150.0,168.0,5300.0,5300.0,0.0,0.0,,UNKNOWN,UNKNOWN,False,SERPAPI,INR,UNPARTITIONED_ACCUMULATING
536,BOM,BLR,BOM-BLR,QP,Akasa Air,2026-10-03,2026-09-03T17:21:10.102535+00:00,2026-09-03,30,T+30,ECONOMY,5,1,3,0,10,3,4428.0,648.0,150.0,174.0,5400.0,5400.0,0.0,0.0,,UNKNOWN,UNKNOWN,False,SERPAPI,INR,UNPARTITIONED_ACCUMULATING
537,BOM,BLR,BOM-BLR,QP,Akasa Air,2026-10-18,2026-09-03T17:21:15.978102+00:00,2026-09-03,45,T+45,ECONOMY,6,1,3,0,10,18,4938.86,722.76,150.0,211.38,6023.0,6023.0,0.0,0.0,,UNKNOWN,UNKNOWN,False,SERPAPI,INR,UNPARTITIONED_ACCUMULATING
538,BOM,BLR,BOM-BLR,SG,SpiceJet,2026-10-18,2026-09-03T17:21:15.978102+00:00,2026-09-03,45,T+45,ECONOMY,6,1,3,0,10,18,5203.72,761.52,150.0,230.76,6346.0,6346.0,0.0,0.0,,UNKNOWN,UNKNOWN,False,SERPAPI,INR,UNPARTITIONED_ACCUMULATING
539,BOM,BLR,BOM-BLR,6E,IndiGo,2026-10-18,2026-09-03T17:21:15.978102+00:00,2026-09-03,45,T+45,ECONOMY,6,1,3,0,10,18,5704.74,834.84,150.0,267.42,6957.0,6957.0,0.0,0.0,,UNKNOWN,UNKNOWN,False,SERPAPI,INR,UNPARTITIONED_ACCUMULATING
540,BOM,BLR,BOM-BLR,AI,Air India,2026-10-18,2026-09-03T17:21:15.978102+00:00,2026-09-03,45,T+45,ECONOMY,6,1,3,0,10,18,5848.24,855.84,150.0,277.92,7132.0,7132.0,0.0,0.0,,UNKNOWN,UNKNOWN,False,SERPAPI,INR,UNPARTITIONED_ACCUMULATING
541,DEL,BOM,DEL-BOM,6E,IndiGo,2026-09-04,2026-09-03T17:26:40.387448+00:00,2026-09-03,1,T+1,ECONOMY,4,0,3,0,9,4,4907.7,718.2,150.0,209.1,5985.0,5985.0,0.0,0.0,,UNKNOWN,UNKNOWN,True,SERPAPI,INR,UNPARTITIONED_ACCUMULATING
542,DEL,BOM,DEL-BOM,AI,Air India,2026-09-04,2026-09-03T17:26:40.387448+00:00,2026-09-03,1,T+1,ECONOMY,4,0,3,0,9,4,5397.24,789.84,150.0,244.92,6582.0,6582.0,0.0,0.0,,UNKNOWN,UNKNOWN,False,SERPAPI,INR,UNPARTITIONED_ACCUMULATING
543,DEL,BOM,DEL-BOM,IX,Air India Express,2026-09-04,2026-09-03T17:26:40.387448+00:00,2026-09-03,1,T+1,ECONOMY,4,0,3,0,9,4,5420.2,793.2,150.0,246.6,6610.0,6610.0,0.0,0.0,,UNKNOWN,UNKNOWN,False,SERPAPI,INR,UNPARTITIONED_ACCUMULATING
544,DEL,BOM,DEL-BOM,SG,SpiceJet,2026-09-04,2026-09-03T17:26:40.387448+00:00,2026-09-03,1,T+1,ECONOMY,4,0,3,0,9,4,5491.54,803.64,150.0,251.82,6697.0,6697.0,0.0,0.0,,UNKNOWN,UNKNOWN,False,SERPAPI,INR,UNPARTITIONED_ACCUMULATING
545,DEL,BOM,DEL-BOM,QP,Akasa Air,2026-09-04,2026-09-03T17:26:40.387448+00:00,2026-09-03,1,T+1,ECONOMY,4,0,3,0,9,4,5641.6,825.6,150.0,262.8,6880.0,6880.0,0.0,0.0,,UNKNOWN,UNKNOWN,False,SERPAPI,INR,UNPARTITIONED_ACCUMULATING
546,DEL,BOM,DEL-BOM,6E,IndiGo,2026-09-10,2026-09-03T17:26:47.880857+00:00,2026-09-03,7,T+7,ECONOMY,3,0,3,0,9,10,4907.7,718.2,150.0,209.1,5985.0,5985.0,0.0,0.0,,UNKNOWN,UNKNOWN,True,SERPAPI,INR,UNPARTITIONED_ACCUMULATING
547,DEL,BOM,DEL-BOM,AI,Air India,2026-09-10,2026-09-03T17:26:47.880857+00:00,2026-09-03,7,T+7,ECONOMY,3,0,3,0,9,10,5397.24,789.84,150.0,244.92,6582.0,6582.0,0.0,0.0,,UNKNOWN,UNKNOWN,False,SERPAPI,INR,UNPARTITIONED_ACCUMULATING
548,DEL,BOM,DEL-BOM,SG,SpiceJet,2026-09-10,2026-09-03T17:26:47.880857+00:00,2026-09-03,7,T+7,ECONOMY,3,0,3,0,9,10,5491.54,803.64,150.0,251.82,6697.0,6697.0,0.0,0.0,,UNKNOWN,UNKNOWN,False,SERPAPI,INR,UNPARTITIONED_ACCUMULATING
549,DEL,BOM,DEL-BOM,QP,Akasa Air,2026-09-10,2026-09-03T17:26:47.880857+00:00,2026-09-03,7,T+7,ECONOMY,3,0,3,0,9,10,5641.6,825.6,150.0,262.8,6880.0,6880.0,0.0,0.0,,UNKNOWN,UNKNOWN,False,SERPAPI,INR,UNPARTITIONED_ACCUMULATING
550,DEL,BOM,DEL-BOM,IX,Air India Express,2026-09-10,2026-09-03T17:26:47.880857+00:00,2026-09-03,7,T+7,ECONOMY,3,0,3,0,9,10,5420.2,793.2,150.0,246.6,6610.0,6610.0,0.0,0.0,,UNKNOWN,UNKNOWN,False,SERPAPI,INR,UNPARTITIONED_ACCUMULATING
551,DEL,BOM,DEL-BOM,6E,IndiGo,2026-09-18,2026-09-03T17:26:54.656872+00:00,2026-09-03,15,T+15,ECONOMY,4,0,3,0,9,18,5268.5,771.0,150.0,235.5,6425.0,6425.0,0.0,0.0,,UNKNOWN,UNKNOWN,False,SERPAPI,INR,UNPARTITIONED_ACCUMULATING
552,DEL,BOM,DEL-BOM,AI,Air India,2026-09-18,2026-09-03T17:26:54.656872+00:00,2026-09-03,15,T+15,ECONOMY,4,0,3,0,9,18,5397.24,789.84,150.0,244.92,6582.0,6582.0,0.0,0.0,,UNKNOWN,UNKNOWN,False,SERPAPI,INR,UNPARTITIONED_ACCUMULATING
553,DEL,BOM,DEL-BOM,QP,Akasa Air,2026-09-18,2026-09-03T17:26:54.656872+00:00,2026-09-03,15,T+15,ECONOMY,4,0,3,0,9,18,5641.6,825.6,150.0,262.8,6880.0,6880.0,0.0,0.0,,UNKNOWN,UNKNOWN,False,SERPAPI,INR,UNPARTITIONED_ACCUMULATING
554,DEL,BOM,DEL-BOM,IX,Air India Express,2026-09-18,2026-09-03T17:26:54.656872+00:00,2026-09-03,15,T+15,ECONOMY,4,0,3,0,9,18,5420.2,793.2,150.0,246.6,6610.0,6610.0,0.0,0.0,,UNKNOWN,UNKNOWN,False,SERPAPI,INR,UNPARTITIONED_ACCUMULATING
555,DEL,BOM,DEL-BOM,SG,SpiceJet,2026-09-18,2026-09-03T17:26:54.656872+00:00,2026-09-03,15,T+15,ECONOMY,4,0,3,0,9,18,7051.18,1031.88,150.0,365.94,8599.0,8599.0,0.0,0.0,,UNKNOWN,UNKNOWN,True,SERPAPI,INR,UNPARTITIONED_ACCUMULATING
556,DEL,BOM,DEL-BOM,6E,IndiGo,2026-10-03,2026-09-03T17:27:01.055745+00:00,2026-09-03,30,T+30,ECONOMY,5,1,3,0,10,3,4907.7,718.2,150.0,209.1,5985.0,5985.0,0.0,0.0,,UNKNOWN,UNKNOWN,True,SERPAPI,INR,UNPARTITIONED_ACCUMULATING
557,DEL,BOM,DEL-BOM,AI,Air India,2026-10-03,2026-09-03T17:27:01.055745+00:00,2026-09-03,30,T+30,ECONOMY,5,1,3,0,10,3,5397.24,789.84,150.0,244.92,6582.0,6582.0,0.0,0.0,,UNKNOWN,UNKNOWN,False,SERPAPI,INR,UNPARTITIONED_ACCUMULATING
558,DEL,BOM,DEL-BOM,IX,Air India Express,2026-10-03,2026-09-03T17:27:01.055745+00:00,2026-09-03,30,T+30,ECONOMY,5,1,3,0,10,3,5420.2,793.2,150.0,246.6,6610.0,6610.0,0.0,0.0,,UNKNOWN,UNKNOWN,False,SERPAPI,INR,UNPARTITIONED_ACCUMULATING
559,DEL,BOM,DEL-BOM,SG,SpiceJet,2026-10-03,2026-09-03T17:27:01.055745+00:00,2026-09-03,30,T+30,ECONOMY,5,1,3,0,10,3,5491.54,803.64,150.0,251.82,6697.0,6697.0,0.0,0.0,,UNKNOWN,UNKNOWN,False,SERPAPI,INR,UNPARTITIONED_ACCUMULATING
560,DEL,BOM,DEL-BOM,QP,Akasa Air,2026-10-03,2026-09-03T17:27:01.055745+00:00,2026-09-03,30,T+30,ECONOMY,5,1,3,0,10,3,5641.6,825.6,150.0,262.8,6880.0,6880.0,0.0,0.0,,UNKNOWN,UNKNOWN,False,SERPAPI,INR,UNPARTITIONED_ACCUMULATING
561,DEL,BOM,DEL-BOM,SG,SpiceJet,2026-10-18,2026-09-03T17:27:07.576990+00:00,2026-09-03,45,T+45,ECONOMY,6,1,3,0,10,18,5557.96,813.36,150.0,256.68,6778.0,6778.0,0.0,0.0,,UNKNOWN,UNKNOWN,False,SERPAPI,INR,UNPARTITIONED_ACCUMULATING
562,DEL,BOM,DEL-BOM,6E,IndiGo,2026-10-18,2026-09-03T17:27:07.576990+00:00,2026-09-03,45,T+45,ECONOMY,6,1,3,0,10,18,5669.48,829.68,150.0,264.84,6914.0,6914.0,0.0,0.0,,UNKNOWN,UNKNOWN,False,SERPAPI,INR,UNPARTITIONED_ACCUMULATING
563,DEL,BOM,DEL-BOM,QP,Akasa Air,2026-10-18,2026-09-03T17:27:07.576990+00:00,2026-09-03,45,T+45,ECONOMY,6,1,3,0,10,18,5641.6,825.6,150.0,262.8,6880.0,6880.0,0.0,0.0,,UNKNOWN,UNKNOWN,False,SERPAPI,INR,UNPARTITIONED_ACCUMULATING
564,DEL,BOM,DEL-BOM,IX,Air India Express,2026-10-18,2026-09-03T17:27:07.576990+00:00,2026-09-03,45,T+45,ECONOMY,6,1,3,0,10,18,6204.12,907.92,150.0,303.96,7566.0,7566.0,0.0,0.0,,UNKNOWN,UNKNOWN,True,SERPAPI,INR,UNPARTITIONED_ACCUMULATING
565,MAA,DEL,MAA-DEL,6E,IndiGo,2026-09-04,2026-09-03T17:27:14.538947+00:00,2026-09-03,1,T+1,ECONOMY,4,0,3,0,9,4,8236.9,1205.4,150.0,452.7,10045.0,10045.0,0.0,0.0,,UNKNOWN,UNKNOWN,False,SERPAPI,INR,UNPARTITIONED_ACCUMULATING
566,MAA,DEL,MAA-DEL,AI,Air India,2026-09-04,2026-09-03T17:27:14.538947+00:00,2026-09-03,1,T+1,ECONOMY,4,0,3,0,9,4,8526.36,1247.76,150.0,473.88,10398.0,10398.0,0.0,0.0,,UNKNOWN,UNKNOWN,False,SERPAPI,INR,UNPARTITIONED_ACCUMULATING
567,MAA,DEL,MAA-DEL,6E,IndiGo,2026-09-10,2026-09-03T17:27:20.179303+00:00,2026-09-03,7,T+7,ECONOMY,3,0,3,0,9,10,7693.24,1125.84,150.0,412.92,9382.0,9382.0,0.0,0.0,,UNKNOWN,UNKNOWN,False,SERPAPI,INR,UNPARTITIONED_ACCUMULATING
568,MAA,DEL,MAA-DEL,AI,Air India,2026-09-10,2026-09-03T17:27:20.179303+00:00,2026-09-03,7,T+7,ECONOMY,3,0,3,0,9,10,8931.44,1307.04,150.0,503.52,10892.0,10892.0,0.0,0.0,,UNKNOWN,UNKNOWN,False,SERPAPI,INR,UNPARTITIONED_ACCUMULATING
569,MAA,DEL,MAA-DEL,6E,IndiGo,2026-09-18,2026-09-03T17:27:25.694144+00:00,2026-09-03,15,T+15,ECONOMY,4,0,3,0,9,18,7931.86,1160.76,150.0,430.38,9673.0,9673.0,0.0,0.0,,UNKNOWN,UNKNOWN,False,SERPAPI,INR,UNPARTITIONED_ACCUMULATING
570,MAA,DEL,MAA-DEL,AI,Air India,2026-09-18,2026-09-03T17:27:25.694144+00:00,2026-09-03,15,T+15,ECONOMY,4,0,3,0,9,18,8350.06,1221.96,150.0,460.98,10183.0,10183.0,0.0,0.0,,UNKNOWN,UNKNOWN,False,SERPAPI,INR,UNPARTITIONED_ACCUMULATING
571,MAA,DEL,MAA-DEL,6E,IndiGo,2026-10-03,2026-09-03T17:27:31.786329+00:00,2026-09-03,30,T+30,ECONOMY,5,1,3,0,10,3,7129.08,1043.28,150.0,371.64,8694.0,8694.0,0.0,0.0,,UNKNOWN,UNKNOWN,False,SERPAPI,INR,UNPARTITIONED_ACCUMULATING
572,MAA,DEL,MAA-DEL,AI,Air India,2026-10-03,2026-09-03T17:27:31.786329+00:00,2026-09-03,30,T+30,ECONOMY,5,1,3,0,10,3,8350.06,1221.96,150.0,460.98,10183.0,10183.0,0.0,0.0,,UNKNOWN,UNKNOWN,False,SERPAPI,INR,UNPARTITIONED_ACCUMULATING
573,MAA,DEL,MAA-DEL,6E,IndiGo,2026-10-18,2026-09-03T17:27:37.691374+00:00,2026-09-03,45,T+45,ECONOMY,6,1,3,0,10,18,7759.66,1135.56,150.0,417.78,9463.0,9463.0,0.0,0.0,,UNKNOWN,UNKNOWN,False,SERPAPI,INR,UNPARTITIONED_ACCUMULATING
574,MAA,DEL,MAA-DEL,AI,Air India,2026-10-18,2026-09-03T17:27:37.691374+00:00,2026-09-03,45,T+45,ECONOMY,6,1,3,0,10,18,8350.06,1221.96,150.0,460.98,10183.0,10183.0,0.0,0.0,,UNKNOWN,UNKNOWN,False,SERPAPI,INR,UNPARTITIONED_ACCUMULATING
575,DEL,BLR,DEL-BLR,6E,IndiGo,2026-09-04,2026-09-03T17:27:43.499843+00:00,2026-09-03,1,T+1,ECONOMY,4,0,3,0,9,4,6876.52,1006.32,150.0,353.16,8386.0,8386.0,0.0,0.0,,UNKNOWN,UNKNOWN,False,SERPAPI,INR,UNPARTITIONED_ACCUMULATING
576,DEL,BLR,DEL-BLR,AI,Air India,2026-09-04,2026-09-03T17:27:43.499843+00:00,2026-09-03,1,T+1,ECONOMY,4,0,3,0,9,4,7284.06,1065.96,150.0,382.98,8883.0,8883.0,0.0,0.0,,UNKNOWN,UNKNOWN,False,SERPAPI,INR,UNPARTITIONED_ACCUMULATING
577,DEL,BLR,DEL-BLR,QP,Akasa Air,2026-09-04,2026-09-03T17:27:43.499843+00:00,2026-09-03,1,T+1,ECONOMY,4,0,3,0,9,4,7526.78,1101.48,150.0,400.74,9179.0,9179.0,0.0,0.0,,UNKNOWN,UNKNOWN,False,SERPAPI,INR,UNPARTITIONED_ACCUMULATING
578,DEL,BLR,DEL-BLR,IX,Air India Express,2026-09-04,2026-09-03T17:27:43.499843+00:00,2026-09-03,1,T+1,ECONOMY,4,0,3,0,9,4,8222.14,1203.24,150.0,451.62,10027.0,10027.0,0.0,0.0,,UNKNOWN,UNKNOWN,False,SERPAPI,INR,UNPARTITIONED_ACCUMULATING
579,DEL,BLR,DEL-BLR,6E,IndiGo,2026-09-10,2026-09-03T17:27:50.184249+00:00,2026-09-03,7,T+7,ECONOMY,3,0,3,0,9,10,6704.32,981.12,150.0,340.56,8176.0,8176.0,0.0,0.0,,UNKNOWN,UNKNOWN,False,SERPAPI,INR,UNPARTITIONED_ACCUMULATING
580,DEL,BLR,DEL-BLR,AI,Air India,2026-09-10,2026-09-03T17:27:50.184249+00:00,2026-09-03,7,T+7,ECONOMY,3,0,3,0,9,10,7284.06,1065.96,150.0,382.98,8883.0,8883.0,0.0,0.0,,UNKNOWN,UNKNOWN,False,SERPAPI,INR,UNPARTITIONED_ACCUMULATING
581,DEL,BLR,DEL-BLR,QP,Akasa Air,2026-09-10,2026-09-03T17:27:50.184249+00:00,2026-09-03,7,T+7,ECONOMY,3,0,3,0,9,10,7526.78,1101.48,150.0,400.74,9179.0,9179.0,0.0,0.0,,UNKNOWN,UNKNOWN,False,SERPAPI,INR,UNPARTITIONED_ACCUMULATING
582,DEL,BLR,DEL-BLR,IX,Air India Express,2026-09-10,2026-09-03T17:27:50.184249+00:00,2026-09-03,7,T+7,ECONOMY,3,0,3,0,9,10,7935.96,1161.36,150.0,430.68,9678.0,9678.0,0.0,0.0,,UNKNOWN,UNKNOWN,False,SERPAPI,INR,UNPARTITIONED_ACCUMULATING
583,DEL,BLR,DEL-BLR,6E,IndiGo,2026-09-18,2026-09-03T17:27:56.445530+00:00,2026-09-03,15,T+15,ECONOMY,4,0,3,0,9,18,7153.68,1046.88,150.0,373.44,8724.0,8724.0,0.0,0.0,,UNKNOWN,UNKNOWN,False,SERPAPI,INR,UNPARTITIONED_ACCUMULATING
584,DEL,BLR,DEL-BLR,AI,Air India,2026-09-18,2026-09-03T17:27:56.445530+00:00,2026-09-03,15,T+15,ECONOMY,4,0,3,0,9,18,7284.06,1065.96,150.0,382.98,8883.0,8883.0,0.0,0.0,,UNKNOWN,UNKNOWN,False,SERPAPI,INR,UNPARTITIONED_ACCUMULATING
585,DEL,BLR,DEL-BLR,QP,Akasa Air,2026-09-18,2026-09-03T17:27:56.445530+00:00,2026-09-03,15,T+15,ECONOMY,4,0,3,0,9,18,7526.78,1101.48,150.0,400.74,9179.0,9179.0,0.0,0.0,,UNKNOWN,UNKNOWN,False,SERPAPI,INR,UNPARTITIONED_ACCUMULATING
586,DEL,BLR,DEL-BLR,IX,Air India Express,2026-09-18,2026-09-03T17:27:56.445530+00:00,2026-09-03,15,T+15,ECONOMY,4,0,3,0,9,18,7477.58,1094.28,150.0,397.14,9119.0,9119.0,0.0,0.0,,UNKNOWN,UNKNOWN,False,SERPAPI,INR,UNPARTITIONED_ACCUMULATING
587,DEL,BLR,DEL-BLR,6E,IndiGo,2026-10-03,2026-09-03T17:28:02.868187+00:00,2026-09-03,30,T+30,ECONOMY,5,1,3,0,10,3,6876.52,1006.32,150.0,353.16,8386.0,8386.0,0.0,0.0,,UNKNOWN,UNKNOWN,False,SERPAPI,INR,UNPARTITIONED_ACCUMULATING
588,DEL,BLR,DEL-BLR,AI,Air India,2026-10-03,2026-09-03T17:28:02.868187+00:00,2026-09-03,30,T+30,ECONOMY,5,1,3,0,10,3,7284.06,1065.96,150.0,382.98,8883.0,8883.0,0.0,0.0,,UNKNOWN,UNKNOWN,False,SERPAPI,INR,UNPARTITIONED_ACCUMULATING
589,DEL,BLR,DEL-BLR,QP,Akasa Air,2026-10-03,2026-09-03T17:28:02.868187+00:00,2026-09-03,30,T+30,ECONOMY,5,1,3,0,10,3,7526.78,1101.48,150.0,400.74,9179.0,9179.0,0.0,0.0,,UNKNOWN,UNKNOWN,False,SERPAPI,INR,UNPARTITIONED_ACCUMULATING
590,DEL,BLR,DEL-BLR,IX,Air India Express,2026-10-03,2026-09-03T17:28:02.868187+00:00,2026-09-03,30,T+30,ECONOMY,5,1,3,0,10,3,7305.38,1069.08,150.0,384.54,8909.0,8909.0,0.0,0.0,,UNKNOWN,UNKNOWN,False,SERPAPI,INR,UNPARTITIONED_ACCUMULATING
591,DEL,BLR,DEL-BLR,6E,IndiGo,2026-10-18,2026-09-03T17:28:09.438089+00:00,2026-09-03,45,T+45,ECONOMY,6,1,3,0,10,18,8069.62,1180.92,150.0,440.46,9841.0,9841.0,0.0,0.0,,UNKNOWN,UNKNOWN,False,SERPAPI,INR,UNPARTITIONED_ACCUMULATING
592,DEL,BLR,DEL-BLR,IX,Air India Express,2026-10-18,2026-09-03T17:28:09.438089+00:00,2026-09-03,45,T+45,ECONOMY,6,1,3,0,10,18,7768.68,1136.88,150.0,418.44,9474.0,9474.0,0.0,0.0,,UNKNOWN,UNKNOWN,False,SERPAPI,INR,UNPARTITIONED_ACCUMULATING
593,DEL,BLR,DEL-BLR,SG,SpiceJet,2026-10-18,2026-09-03T17:28:09.438089+00:00,2026-09-03,45,T+45,ECONOMY,6,1,3,0,10,18,8229.52,1204.32,150.0,452.16,10036.0,10036.0,0.0,0.0,,UNKNOWN,UNKNOWN,False,SERPAPI,INR,UNPARTITIONED_ACCUMULATING
594,DEL,BLR,DEL-BLR,AI,Air India,2026-10-18,2026-09-03T17:28:09.438089+00:00,2026-09-03,45,T+45,ECONOMY,6,1,3,0,10,18,8528.0,1248.0,150.0,474.0,10400.0,10400.0,0.0,0.0,,UNKNOWN,UNKNOWN,False,SERPAPI,INR,UNPARTITIONED_ACCUMULATING
595,DEL,BLR,DEL-BLR,QP,Akasa Air,2026-10-18,2026-09-03T17:28:09.438089+00:00,2026-09-03,45,T+45,ECONOMY,6,1,3,0,10,18,8371.38,1225.08,150.0,462.54,10209.0,10209.0,0.0,0.0,,UNKNOWN,UNKNOWN,False,SERPAPI,INR,UNPARTITIONED_ACCUMULATING
596,BOM,BLR,BOM-BLR,6E,IndiGo,2026-09-04,2026-09-03T17:28:15.937144+00:00,2026-09-03,1,T+1,ECONOMY,4,0,3,0,9,4,4423.08,647.28,150.0,173.64,5394.0,5394.0,0.0,0.0,,UNKNOWN,UNKNOWN,False,SERPAPI,INR,UNPARTITIONED_ACCUMULATING
597,BOM,BLR,BOM-BLR,AI,Air India,2026-09-04,2026-09-03T17:28:15.937144+00:00,2026-09-03,1,T+1,ECONOMY,4,0,3,0,9,4,4604.3,673.8,150.0,186.9,5615.0,5615.0,0.0,0.0,,UNKNOWN,UNKNOWN,False,SERPAPI,INR,UNPARTITIONED_ACCUMULATING
598,BOM,BLR,BOM-BLR,QP,Akasa Air,2026-09-04,2026-09-03T17:28:15.937144+00:00,2026-09-03,1,T+1,ECONOMY,4,0,3,0,9,4,5956.48,871.68,150.0,285.84,7264.0,7264.0,0.0,0.0,,UNKNOWN,UNKNOWN,False,SERPAPI,INR,UNPARTITIONED_ACCUMULATING
599,BOM,BLR,BOM-BLR,6E,IndiGo,2026-09-10,2026-09-03T17:28:21.825244+00:00,2026-09-03,7,T+7,ECONOMY,3,0,3,0,9,10,4218.08,617.28,150.0,158.64,5144.0,5144.0,0.0,0.0,,UNKNOWN,UNKNOWN,False,SERPAPI,INR,UNPARTITIONED_ACCUMULATING
600,BOM,BLR,BOM-BLR,AI,Air India,2026-09-10,2026-09-03T17:28:21.825244+00:00,2026-09-03,7,T+7,ECONOMY,3,0,3,0,9,10,4346.0,636.0,150.0,168.0,5300.0,5300.0,0.0,0.0,,UNKNOWN,UNKNOWN,False,SERPAPI,INR,UNPARTITIONED_ACCUMULATING
601,BOM,BLR,BOM-BLR,QP,Akasa Air,2026-09-10,2026-09-03T17:28:21.825244+00:00,2026-09-03,7,T+7,ECONOMY,3,0,3,0,9,10,4428.0,648.0,150.0,174.0,5400.0,5400.0,0.0,0.0,,UNKNOWN,UNKNOWN,False,SERPAPI,INR,UNPARTITIONED_ACCUMULATING
602,BOM,BLR,BOM-BLR,IX,Air India Express,2026-09-10,2026-09-03T17:28:21.825244+00:00,2026-09-03,7,T+7,ECONOMY,3,0,3,0,9,10,6802.72,995.52,150.0,347.76,8296.0,8296.0,0.0,0.0,,UNKNOWN,UNKNOWN,True,SERPAPI,INR,UNPARTITIONED_ACCUMULATING
603,BOM,BLR,BOM-BLR,6E,IndiGo,2026-09-18,2026-09-03T17:28:28.186227+00:00,2026-09-03,15,T+15,ECONOMY,4,0,3,0,9,18,4218.08,617.28,150.0,158.64,5144.0,5144.0,0.0,0.0,,UNKNOWN,UNKNOWN,False,SERPAPI,INR,UNPARTITIONED_ACCUMULATING
604,BOM,BLR,BOM-BLR,AI,Air India,2026-09-18,2026-09-03T17:28:28.186227+00:00,2026-09-03,15,T+15,ECONOMY,4,0,3,0,9,18,4346.0,636.0,150.0,168.0,5300.0,5300.0,0.0,0.0,,UNKNOWN,UNKNOWN,False,SERPAPI,INR,UNPARTITIONED_ACCUMULATING
605,BOM,BLR,BOM-BLR,QP,Akasa Air,2026-09-18,2026-09-03T17:28:28.186227+00:00,2026-09-03,15,T+15,ECONOMY,4,0,3,0,9,18,4428.0,648.0,150.0,174.0,5400.0,5400.0,0.0,0.0,,UNKNOWN,UNKNOWN,False,SERPAPI,INR,UNPARTITIONED_ACCUMULATING
606,BOM,BLR,BOM-BLR,6E,IndiGo,2026-10-03,2026-09-03T17:28:34.017346+00:00,2026-09-03,30,T+30,ECONOMY,5,1,3,0,10,3,4113.94,602.04,150.0,151.02,5017.0,5017.0,0.0,0.0,,UNKNOWN,UNKNOWN,False,SERPAPI,INR,UNPARTITIONED_ACCUMULATING
607,BOM,BLR,BOM-BLR,AI,Air India,2026-10-03,2026-09-03T17:28:34.017346+00:00,2026-09-03,30,T+30,ECONOMY,5,1,3,0,10,3,4346.0,636.0,150.0,168.0,5300.0,5300.0,0.0,0.0,,UNKNOWN,UNKNOWN,False,SERPAPI,INR,UNPARTITIONED_ACCUMULATING
608,BOM,BLR,BOM-BLR,QP,Akasa Air,2026-10-03,2026-09-03T17:28:34.017346+00:00,2026-09-03,30,T+30,ECONOMY,5,1,3,0,10,3,4428.0,648.0,150.0,174.0,5400.0,5400.0,0.0,0.0,,UNKNOWN,UNKNOWN,False,SERPAPI,INR,UNPARTITIONED_ACCUMULATING
609,BOM,BLR,BOM-BLR,QP,Akasa Air,2026-10-18,2026-09-03T17:28:39.936150+00:00,2026-09-03,45,T+45,ECONOMY,6,1,3,0,10,18,4938.86,722.76,150.0,211.38,6023.0,6023.0,0.0,0.0,,UNKNOWN,UNKNOWN,False,SERPAPI,INR,UNPARTITIONED_ACCUMULATING
610,BOM,BLR,BOM-BLR,SG,SpiceJet,2026-10-18,2026-09-03T17:28:39.936150+00:00,2026-09-03,45,T+45,ECONOMY,6,1,3,0,10,18,5203.72,761.52,150.0,230.76,6346.0,6346.0,0.0,0.0,,UNKNOWN,UNKNOWN,False,SERPAPI,INR,UNPARTITIONED_ACCUMULATING
611,BOM,BLR,BOM-BLR,6E,IndiGo,2026-10-18,2026-09-03T17:28:39.936150+00:00,2026-09-03,45,T+45,ECONOMY,6,1,3,0,10,18,5704.74,834.84,150.0,267.42,6957.0,6957.0,0.0,0.0,,UNKNOWN,UNKNOWN,False,SERPAPI,INR,UNPARTITIONED_ACCUMULATING
612,BOM,BLR,BOM-BLR,AI,Air India,2026-10-18,2026-09-03T17:28:39.936150+00:00,2026-09-03,45,T+45,ECONOMY,6,1,3,0,10,18,5848.24,855.84,150.0,277.92,7132.0,7132.0,0.0,0.0,,UNKNOWN,UNKNOWN,False,SERPAPI,INR,UNPARTITIONED_ACCUMULATING
613,DEL,CCU,DEL-CCU,6E,IndiGo,2026-09-04,2026-09-03T17:28:50.080813+00:00,2026-09-03,1,T+1,ECONOMY,4,0,3,0,9,4,6213.96,909.36,150.0,304.68,7578.0,,,,,UNKNOWN,UNKNOWN,False,SERPAPI,INR,UNPARTITIONED_ACCUMULATING
614,DEL,CCU,DEL-CCU,AI,Air India,2026-09-04,2026-09-03T17:28:50.080813+00:00,2026-09-03,1,T+1,ECONOMY,4,0,3,0,9,4,6973.28,1020.48,150.0,360.24,8504.0,,,,,UNKNOWN,UNKNOWN,False,SERPAPI,INR,UNPARTITIONED_ACCUMULATING
615,DEL,CCU,DEL-CCU,QP,Akasa Air,2026-09-04,2026-09-03T17:28:50.080813+00:00,2026-09-03,1,T+1,ECONOMY,4,0,3,0,9,4,7270.12,1063.92,150.0,381.96,8866.0,,,,,UNKNOWN,UNKNOWN,False,SERPAPI,INR,UNPARTITIONED_ACCUMULATING
616,DEL,CCU,DEL-CCU,6E,IndiGo,2026-09-10,2026-09-03T17:28:57.228001+00:00,2026-09-03,7,T+7,ECONOMY,3,0,3,0,9,10,5955.66,871.56,150.0,285.78,7263.0,,,,,UNKNOWN,UNKNOWN,False,SERPAPI,INR,UNPARTITIONED_ACCUMULATING
617,DEL,CCU,DEL-CCU,QP,Akasa Air,2026-09-10,2026-09-03T17:28:57.228001+00:00,2026-09-03,7,T+7,ECONOMY,3,0,3,0,9,10,6505.06,951.96,150.0,325.98,7933.0,,,,,UNKNOWN,UNKNOWN,False,SERPAPI,INR,UNPARTITIONED_ACCUMULATING
618,DEL,CCU,DEL-CCU,AI,Air India,2026-09-10,2026-09-03T17:28:57.228001+00:00,2026-09-03,7,T+7,ECONOMY,3,0,3,0,9,10,6973.28,1020.48,150.0,360.24,8504.0,,,,,UNKNOWN,UNKNOWN,False,SERPAPI,INR,UNPARTITIONED_ACCUMULATING
619,DEL,CCU,DEL-CCU,6E,IndiGo,2026-09-18,2026-09-03T17:29:06.567562+00:00,2026-09-03,15,T+15,ECONOMY,4,0,3,0,9,18,5962.22,872.52,150.0,286.26,7271.0,,,,,UNKNOWN,UNKNOWN,False,SERPAPI,INR,UNPARTITIONED_ACCUMULATING
620,DEL,CCU,DEL-CCU,QP,Akasa Air,2026-09-18,2026-09-03T17:29:06.567562+00:00,2026-09-03,15,T+15,ECONOMY,4,0,3,0,9,18,6749.42,987.72,150.0,343.86,8231.0,,,,,UNKNOWN,UNKNOWN,False,SERPAPI,INR,UNPARTITIONED_ACCUMULATING
621,DEL,CCU,DEL-CCU,AI,Air India,2026-09-18,2026-09-03T17:29:06.567562+00:00,2026-09-03,15,T+15,ECONOMY,4,0,3,0,9,18,6973.28,1020.48,150.0,360.24,8504.0,,,,,UNKNOWN,UNKNOWN,False,SERPAPI,INR,UNPARTITIONED_ACCUMULATING
622,DEL,CCU,DEL-CCU,6E,IndiGo,2026-10-03,2026-09-03T17:29:14.059350+00:00,2026-09-03,30,T+30,ECONOMY,5,1,3,0,10,3,5955.66,871.56,150.0,285.78,7263.0,,,,,UNKNOWN,UNKNOWN,False,SERPAPI,INR,UNPARTITIONED_ACCUMULATING
623,DEL,CCU,DEL-CCU,AI,Air India,2026-10-03,2026-09-03T17:29:14.059350+00:00,2026-09-03,30,T+30,ECONOMY,5,1,3,0,10,3,7188.12,1051.92,150.0,375.96,8766.0,,,,,UNKNOWN,UNKNOWN,False,SERPAPI,INR,UNPARTITIONED_ACCUMULATING
624,DEL,CCU,DEL-CCU,SG,SpiceJet,2026-10-03,2026-09-03T17:29:14.059350+00:00,2026-09-03,30,T+30,ECONOMY,5,1,3,0,10,3,6745.32,987.12,150.0,343.56,8226.0,,,,,UNKNOWN,UNKNOWN,False,SERPAPI,INR,UNPARTITIONED_ACCUMULATING
625,DEL,CCU,DEL-CCU,QP,Akasa Air,2026-10-03,2026-09-03T17:29:14.059350+00:00,2026-09-03,30,T+30,ECONOMY,5,1,3,0,10,3,7547.28,1104.48,150.0,402.24,9204.0,,,,,UNKNOWN,UNKNOWN,False,SERPAPI,INR,UNPARTITIONED_ACCUMULATING
626,DEL,CCU,DEL-CCU,6E,IndiGo,2026-10-18,2026-09-03T17:29:21.654752+00:00,2026-09-03,45,T+45,ECONOMY,6,1,3,0,10,18,7546.46,1104.36,150.0,402.18,9203.0,,,,,UNKNOWN,UNKNOWN,False,SERPAPI,INR,UNPARTITIONED_ACCUMULATING
627,DEL,CCU,DEL-CCU,SG,SpiceJet,2026-10-18,2026-09-03T17:29:21.654752+00:00,2026-09-03,45,T+45,ECONOMY,6,1,3,0,10,18,10093.38,1477.08,150.0,588.54,12309.0,,,,,UNKNOWN,UNKNOWN,True,SERPAPI,INR,UNPARTITIONED_ACCUMULATING
628,DEL,CCU,DEL-CCU,QP,Akasa Air,2026-10-18,2026-09-03T17:29:21.654752+00:00,2026-09-03,45,T+45,ECONOMY,6,1,3,0,10,18,11491.48,1681.68,150.0,690.84,14014.0,,,,,UNKNOWN,UNKNOWN,True,SERPAPI,INR,UNPARTITIONED_ACCUMULATING
629,DEL,CCU,DEL-CCU,AI,Air India,2026-10-18,2026-09-03T17:29:21.654752+00:00,2026-09-03,45,T+45,ECONOMY,6,1,3,0,10,18,11613.66,1699.56,150.0,699.78,14163.0,,,,,UNKNOWN,UNKNOWN,True,SERPAPI,INR,UNPARTITIONED_ACCUMULATING
630,DEL,CCU,DEL-CCU,IX,Air India Express,2026-10-18,2026-09-03T17:29:21.654752+00:00,2026-09-03,45,T+45,ECONOMY,6,1,3,0,10,18,12394.3,1813.8,150.0,756.9,15115.0,,,,,UNKNOWN,UNKNOWN,True,SERPAPI,INR,UNPARTITIONED_ACCUMULATING
631,DEL,HYD,DEL-HYD,6E,IndiGo,2026-09-04,2026-09-03T17:29:31.164064+00:00,2026-09-03,1,T+1,ECONOMY,4,0,3,0,9,4,6637.08,971.28,150.0,335.64,8094.0,,,,,UNKNOWN,UNKNOWN,False,SERPAPI,INR,UNPARTITIONED_ACCUMULATING
632,DEL,HYD,DEL-HYD,AI,Air India,2026-09-04,2026-09-03T17:29:31.164064+00:00,2026-09-03,1,T+1,ECONOMY,4,0,3,0,9,4,7143.02,1045.32,150.0,372.66,8711.0,,,,,UNKNOWN,UNKNOWN,False,SERPAPI,INR,UNPARTITIONED_ACCUMULATING
633,DEL,HYD,DEL-HYD,QP,Akasa Air,2026-09-04,2026-09-03T17:29:31.164064+00:00,2026-09-03,1,T+1,ECONOMY,4,0,3,0,9,4,7876.1,1152.6,150.0,426.3,9605.0,,,,,UNKNOWN,UNKNOWN,False,SERPAPI,INR,UNPARTITIONED_ACCUMULATING
634,DEL,HYD,DEL-HYD,6E,IndiGo,2026-09-10,2026-09-03T17:29:39.648426+00:00,2026-09-03,7,T+7,ECONOMY,3,0,3,0,9,10,6464.88,946.08,150.0,323.04,7884.0,,,,,UNKNOWN,UNKNOWN,False,SERPAPI,INR,UNPARTITIONED_ACCUMULATING
635,DEL,HYD,DEL-HYD,AI,Air India,2026-09-10,2026-09-03T17:29:39.648426+00:00,2026-09-03,7,T+7,ECONOMY,3,0,3,0,9,10,7143.02,1045.32,150.0,372.66,8711.0,,,,,UNKNOWN,UNKNOWN,False,SERPAPI,INR,UNPARTITIONED_ACCUMULATING
636,DEL,HYD,DEL-HYD,QP,Akasa Air,2026-09-10,2026-09-03T17:29:39.648426+00:00,2026-09-03,7,T+7,ECONOMY,3,0,3,0,9,10,7334.08,1073.28,150.0,386.64,8944.0,,,,,UNKNOWN,UNKNOWN,False,SERPAPI,INR,UNPARTITIONED_ACCUMULATING
637,DEL,HYD,DEL-HYD,6E,IndiGo,2026-09-18,2026-09-03T17:29:48.766803+00:00,2026-09-03,15,T+15,ECONOMY,4,0,3,0,9,18,6464.88,946.08,150.0,323.04,7884.0,,,,,UNKNOWN,UNKNOWN,False,SERPAPI,INR,UNPARTITIONED_ACCUMULATING
638,DEL,HYD,DEL-HYD,QP,Akasa Air,2026-09-18,2026-09-03T17:29:48.766803+00:00,2026-09-03,15,T+15,ECONOMY,4,0,3,0,9,18,7079.88,1036.08,150.0,368.04,8634.0,,,,,UNKNOWN,UNKNOWN,False,SERPAPI,INR,UNPARTITIONED_ACCUMULATING
639,DEL,HYD,DEL-HYD,AI,Air India,2026-09-18,2026-09-03T17:29:48.766803+00:00,2026-09-03,15,T+15,ECONOMY,4,0,3,0,9,18,7143.02,1045.32,150.0,372.66,8711.0,,,,,UNKNOWN,UNKNOWN,False,SERPAPI,INR,UNPARTITIONED_ACCUMULATING
640,DEL,HYD,DEL-HYD,6E,IndiGo,2026-10-03,2026-09-03T17:29:56.960258+00:00,2026-09-03,30,T+30,ECONOMY,5,1,3,0,10,3,6464.88,946.08,150.0,323.04,7884.0,,,,,UNKNOWN,UNKNOWN,False,SERPAPI,INR,UNPARTITIONED_ACCUMULATING
641,DEL,HYD,DEL-HYD,AI,Air India,2026-10-03,2026-09-03T17:29:56.960258+00:00,2026-09-03,30,T+30,ECONOMY,5,1,3,0,10,3,7143.02,1045.32,150.0,372.66,8711.0,,,,,UNKNOWN,UNKNOWN,False,SERPAPI,INR,UNPARTITIONED_ACCUMULATING
642,DEL,HYD,DEL-HYD,QP,Akasa Air,2026-10-03,2026-09-03T17:29:56.960258+00:00,2026-09-03,30,T+30,ECONOMY,5,1,3,0,10,3,7599.76,1112.16,150.0,406.08,9268.0,,,,,UNKNOWN,UNKNOWN,False,SERPAPI,INR,UNPARTITIONED_ACCUMULATING
643,DEL,HYD,DEL-HYD,6E,IndiGo,2026-10-18,2026-09-03T17:30:05.787208+00:00,2026-09-03,45,T+45,ECONOMY,6,1,3,0,10,18,6356.64,930.24,150.0,315.12,7752.0,,,,,UNKNOWN,UNKNOWN,False,SERPAPI,INR,UNPARTITIONED_ACCUMULATING
644,DEL,HYD,DEL-HYD,AI,Air India,2026-10-18,2026-09-03T17:30:05.787208+00:00,2026-09-03,45,T+45,ECONOMY,6,1,3,0,10,18,7263.56,1062.96,150.0,381.48,8858.0,,,,,UNKNOWN,UNKNOWN,False,SERPAPI,INR,UNPARTITIONED_ACCUMULATING
645,DEL,HYD,DEL-HYD,QP,Akasa Air,2026-10-18,2026-09-03T17:30:05.787208+00:00,2026-09-03,45,T+45,ECONOMY,6,1,3,0,10,18,7876.1,1152.6,150.0,426.3,9605.0,,,,,UNKNOWN,UNKNOWN,False,SERPAPI,INR,UNPARTITIONED_ACCUMULATING
646,DEL,BOM,DEL-BOM,6E,IndiGo,2026-09-04,2026-09-03T17:45:44.453499+00:00,2026-09-03,1,T+1,ECONOMY,4,0,3,0,9,4,4907.7,718.2,150.0,209.1,5985.0,5985.0,0.0,0.0,,UNKNOWN,UNKNOWN,True,SERPAPI,INR,UNPARTITIONED_ACCUMULATING
647,DEL,BOM,DEL-BOM,AI,Air India,2026-09-04,2026-09-03T17:45:44.453499+00:00,2026-09-03,1,T+1,ECONOMY,4,0,3,0,9,4,5397.24,789.84,150.0,244.92,6582.0,6582.0,0.0,0.0,,UNKNOWN,UNKNOWN,False,SERPAPI,INR,UNPARTITIONED_ACCUMULATING
648,DEL,BOM,DEL-BOM,IX,Air India Express,2026-09-04,2026-09-03T17:45:44.453499+00:00,2026-09-03,1,T+1,ECONOMY,4,0,3,0,9,4,5420.2,793.2,150.0,246.6,6610.0,6610.0,0.0,0.0,,UNKNOWN,UNKNOWN,False,SERPAPI,INR,UNPARTITIONED_ACCUMULATING
649,DEL,BOM,DEL-BOM,SG,SpiceJet,2026-09-04,2026-09-03T17:45:44.453499+00:00,2026-09-03,1,T+1,ECONOMY,4,0,3,0,9,4,5491.54,803.64,150.0,251.82,6697.0,6697.0,0.0,0.0,,UNKNOWN,UNKNOWN,False,SERPAPI,INR,UNPARTITIONED_ACCUMULATING
650,DEL,BOM,DEL-BOM,QP,Akasa Air,2026-09-04,2026-09-03T17:45:44.453499+00:00,2026-09-03,1,T+1,ECONOMY,4,0,3,0,9,4,5641.6,825.6,150.0,262.8,6880.0,6880.0,0.0,0.0,,UNKNOWN,UNKNOWN,False,SERPAPI,INR,UNPARTITIONED_ACCUMULATING
651,DEL,BOM,DEL-BOM,6E,IndiGo,2026-09-10,2026-09-03T17:45:54.681038+00:00,2026-09-03,7,T+7,ECONOMY,3,0,3,0,9,10,4907.7,718.2,150.0,209.1,5985.0,5985.0,0.0,0.0,,UNKNOWN,UNKNOWN,True,SERPAPI,INR,UNPARTITIONED_ACCUMULATING
652,DEL,BOM,DEL-BOM,AI,Air India,2026-09-10,2026-09-03T17:45:54.681038+00:00,2026-09-03,7,T+7,ECONOMY,3,0,3,0,9,10,5397.24,789.84,150.0,244.92,6582.0,6582.0,0.0,0.0,,UNKNOWN,UNKNOWN,False,SERPAPI,INR,UNPARTITIONED_ACCUMULATING
653,DEL,BOM,DEL-BOM,SG,SpiceJet,2026-09-10,2026-09-03T17:45:54.681038+00:00,2026-09-03,7,T+7,ECONOMY,3,0,3,0,9,10,5491.54,803.64,150.0,251.82,6697.0,6697.0,0.0,0.0,,UNKNOWN,UNKNOWN,False,SERPAPI,INR,UNPARTITIONED_ACCUMULATING
654,DEL,BOM,DEL-BOM,QP,Akasa Air,2026-09-10,2026-09-03T17:45:54.681038+00:00,2026-09-03,7,T+7,ECONOMY,3,0,3,0,9,10,5641.6,825.6,150.0,262.8,6880.0,6880.0,0.0,0.0,,UNKNOWN,UNKNOWN,False,SERPAPI,INR,UNPARTITIONED_ACCUMULATING
655,DEL,BOM,DEL-BOM,IX,Air India Express,2026-09-10,2026-09-03T17:45:54.681038+00:00,2026-09-03,7,T+7,ECONOMY,3,0,3,0,9,10,5420.2,793.2,150.0,246.6,6610.0,6610.0,0.0,0.0,,UNKNOWN,UNKNOWN,False,SERPAPI,INR,UNPARTITIONED_ACCUMULATING
656,DEL,BOM,DEL-BOM,6E,IndiGo,2026-09-18,2026-09-03T17:46:03.657868+00:00,2026-09-03,15,T+15,ECONOMY,4,0,3,0,9,18,5268.5,771.0,150.0,235.5,6425.0,6425.0,0.0,0.0,,UNKNOWN,UNKNOWN,False,SERPAPI,INR,UNPARTITIONED_ACCUMULATING
657,DEL,BOM,DEL-BOM,AI,Air India,2026-09-18,2026-09-03T17:46:03.657868+00:00,2026-09-03,15,T+15,ECONOMY,4,0,3,0,9,18,5397.24,789.84,150.0,244.92,6582.0,6582.0,0.0,0.0,,UNKNOWN,UNKNOWN,False,SERPAPI,INR,UNPARTITIONED_ACCUMULATING
658,DEL,BOM,DEL-BOM,QP,Akasa Air,2026-09-18,2026-09-03T17:46:03.657868+00:00,2026-09-03,15,T+15,ECONOMY,4,0,3,0,9,18,5641.6,825.6,150.0,262.8,6880.0,6880.0,0.0,0.0,,UNKNOWN,UNKNOWN,False,SERPAPI,INR,UNPARTITIONED_ACCUMULATING
659,DEL,BOM,DEL-BOM,IX,Air India Express,2026-09-18,2026-09-03T17:46:03.657868+00:00,2026-09-03,15,T+15,ECONOMY,4,0,3,0,9,18,5420.2,793.2,150.0,246.6,6610.0,6610.0,0.0,0.0,,UNKNOWN,UNKNOWN,False,SERPAPI,INR,UNPARTITIONED_ACCUMULATING
660,DEL,BOM,DEL-BOM,SG,SpiceJet,2026-09-18,2026-09-03T17:46:03.657868+00:00,2026-09-03,15,T+15,ECONOMY,4,0,3,0,9,18,7051.18,1031.88,150.0,365.94,8599.0,8599.0,0.0,0.0,,UNKNOWN,UNKNOWN,True,SERPAPI,INR,UNPARTITIONED_ACCUMULATING
661,DEL,BOM,DEL-BOM,6E,IndiGo,2026-10-03,2026-09-03T17:46:12.616331+00:00,2026-09-03,30,T+30,ECONOMY,5,1,3,0,10,3,4907.7,718.2,150.0,209.1,5985.0,5985.0,0.0,0.0,,UNKNOWN,UNKNOWN,True,SERPAPI,INR,UNPARTITIONED_ACCUMULATING
662,DEL,BOM,DEL-BOM,AI,Air India,2026-10-03,2026-09-03T17:46:12.616331+00:00,2026-09-03,30,T+30,ECONOMY,5,1,3,0,10,3,5397.24,789.84,150.0,244.92,6582.0,6582.0,0.0,0.0,,UNKNOWN,UNKNOWN,False,SERPAPI,INR,UNPARTITIONED_ACCUMULATING
663,DEL,BOM,DEL-BOM,IX,Air India Express,2026-10-03,2026-09-03T17:46:12.616331+00:00,2026-09-03,30,T+30,ECONOMY,5,1,3,0,10,3,5420.2,793.2,150.0,246.6,6610.0,6610.0,0.0,0.0,,UNKNOWN,UNKNOWN,False,SERPAPI,INR,UNPARTITIONED_ACCUMULATING
664,DEL,BOM,DEL-BOM,SG,SpiceJet,2026-10-03,2026-09-03T17:46:12.616331+00:00,2026-09-03,30,T+30,ECONOMY,5,1,3,0,10,3,5491.54,803.64,150.0,251.82,6697.0,6697.0,0.0,0.0,,UNKNOWN,UNKNOWN,False,SERPAPI,INR,UNPARTITIONED_ACCUMULATING
665,DEL,BOM,DEL-BOM,QP,Akasa Air,2026-10-03,2026-09-03T17:46:12.616331+00:00,2026-09-03,30,T+30,ECONOMY,5,1,3,0,10,3,5641.6,825.6,150.0,262.8,6880.0,6880.0,0.0,0.0,,UNKNOWN,UNKNOWN,False,SERPAPI,INR,UNPARTITIONED_ACCUMULATING
666,DEL,BOM,DEL-BOM,SG,SpiceJet,2026-10-18,2026-09-03T17:46:18.582180+00:00,2026-09-03,45,T+45,ECONOMY,6,1,3,0,10,18,5557.96,813.36,150.0,256.68,6778.0,6778.0,0.0,0.0,,UNKNOWN,UNKNOWN,False,SERPAPI,INR,UNPARTITIONED_ACCUMULATING
667,DEL,BOM,DEL-BOM,6E,IndiGo,2026-10-18,2026-09-03T17:46:18.582180+00:00,2026-09-03,45,T+45,ECONOMY,6,1,3,0,10,18,5669.48,829.68,150.0,264.84,6914.0,6914.0,0.0,0.0,,UNKNOWN,UNKNOWN,False,SERPAPI,INR,UNPARTITIONED_ACCUMULATING
668,DEL,BOM,DEL-BOM,QP,Akasa Air,2026-10-18,2026-09-03T17:46:18.582180+00:00,2026-09-03,45,T+45,ECONOMY,6,1,3,0,10,18,5641.6,825.6,150.0,262.8,6880.0,6880.0,0.0,0.0,,UNKNOWN,UNKNOWN,False,SERPAPI,INR,UNPARTITIONED_ACCUMULATING
669,DEL,BOM,DEL-BOM,IX,Air India Express,2026-10-18,2026-09-03T17:46:18.582180+00:00,2026-09-03,45,T+45,ECONOMY,6,1,3,0,10,18,6204.12,907.92,150.0,303.96,7566.0,7566.0,0.0,0.0,,UNKNOWN,UNKNOWN,True,SERPAPI,INR,UNPARTITIONED_ACCUMULATING
670,MAA,DEL,MAA-DEL,6E,IndiGo,2026-09-04,2026-09-03T17:46:24.736203+00:00,2026-09-03,1,T+1,ECONOMY,4,0,3,0,9,4,8236.9,1205.4,150.0,452.7,10045.0,10045.0,0.0,0.0,,UNKNOWN,UNKNOWN,False,SERPAPI,INR,UNPARTITIONED_ACCUMULATING
671,MAA,DEL,MAA-DEL,AI,Air India,2026-09-04,2026-09-03T17:46:24.736203+00:00,2026-09-03,1,T+1,ECONOMY,4,0,3,0,9,4,8526.36,1247.76,150.0,473.88,10398.0,10398.0,0.0,0.0,,UNKNOWN,UNKNOWN,False,SERPAPI,INR,UNPARTITIONED_ACCUMULATING
672,MAA,DEL,MAA-DEL,6E,IndiGo,2026-09-10,2026-09-03T17:46:32.285810+00:00,2026-09-03,7,T+7,ECONOMY,3,0,3,0,9,10,7693.24,1125.84,150.0,412.92,9382.0,9382.0,0.0,0.0,,UNKNOWN,UNKNOWN,False,SERPAPI,INR,UNPARTITIONED_ACCUMULATING
673,MAA,DEL,MAA-DEL,AI,Air India,2026-09-10,2026-09-03T17:46:32.285810+00:00,2026-09-03,7,T+7,ECONOMY,3,0,3,0,9,10,8931.44,1307.04,150.0,503.52,10892.0,10892.0,0.0,0.0,,UNKNOWN,UNKNOWN,False,SERPAPI,INR,UNPARTITIONED_ACCUMULATING
674,MAA,DEL,MAA-DEL,6E,IndiGo,2026-09-18,2026-09-03T17:46:39.565374+00:00,2026-09-03,15,T+15,ECONOMY,4,0,3,0,9,18,7931.86,1160.76,150.0,430.38,9673.0,9673.0,0.0,0.0,,UNKNOWN,UNKNOWN,False,SERPAPI,INR,UNPARTITIONED_ACCUMULATING
675,MAA,DEL,MAA-DEL,AI,Air India,2026-09-18,2026-09-03T17:46:39.565374+00:00,2026-09-03,15,T+15,ECONOMY,4,0,3,0,9,18,8350.06,1221.96,150.0,460.98,10183.0,10183.0,0.0,0.0,,UNKNOWN,UNKNOWN,False,SERPAPI,INR,UNPARTITIONED_ACCUMULATING
676,MAA,DEL,MAA-DEL,6E,IndiGo,2026-10-03,2026-09-03T17:46:44.975785+00:00,2026-09-03,30,T+30,ECONOMY,5,1,3,0,10,3,7129.08,1043.28,150.0,371.64,8694.0,8694.0,0.0,0.0,,UNKNOWN,UNKNOWN,False,SERPAPI,INR,UNPARTITIONED_ACCUMULATING
677,MAA,DEL,MAA-DEL,AI,Air India,2026-10-03,2026-09-03T17:46:44.975785+00:00,2026-09-03,30,T+30,ECONOMY,5,1,3,0,10,3,8350.06,1221.96,150.0,460.98,10183.0,10183.0,0.0,0.0,,UNKNOWN,UNKNOWN,False,SERPAPI,INR,UNPARTITIONED_ACCUMULATING
678,MAA,DEL,MAA-DEL,6E,IndiGo,2026-10-18,2026-09-03T17:46:50.735898+00:00,2026-09-03,45,T+45,ECONOMY,6,1,3,0,10,18,7759.66,1135.56,150.0,417.78,9463.0,9463.0,0.0,0.0,,UNKNOWN,UNKNOWN,False,SERPAPI,INR,UNPARTITIONED_ACCUMULATING
679,MAA,DEL,MAA-DEL,AI,Air India,2026-10-18,2026-09-03T17:46:50.735898+00:00,2026-09-03,45,T+45,ECONOMY,6,1,3,0,10,18,8350.06,1221.96,150.0,460.98,10183.0,10183.0,0.0,0.0,,UNKNOWN,UNKNOWN,False,SERPAPI,INR,UNPARTITIONED_ACCUMULATING
680,DEL,BLR,DEL-BLR,6E,IndiGo,2026-09-04,2026-09-03T17:46:56.202081+00:00,2026-09-03,1,T+1,ECONOMY,4,0,3,0,9,4,6876.52,1006.32,150.0,353.16,8386.0,8386.0,0.0,0.0,,UNKNOWN,UNKNOWN,False,SERPAPI,INR,UNPARTITIONED_ACCUMULATING
681,DEL,BLR,DEL-BLR,AI,Air India,2026-09-04,2026-09-03T17:46:56.202081+00:00,2026-09-03,1,T+1,ECONOMY,4,0,3,0,9,4,7284.06,1065.96,150.0,382.98,8883.0,8883.0,0.0,0.0,,UNKNOWN,UNKNOWN,False,SERPAPI,INR,UNPARTITIONED_ACCUMULATING
682,DEL,BLR,DEL-BLR,QP,Akasa Air,2026-09-04,2026-09-03T17:46:56.202081+00:00,2026-09-03,1,T+1,ECONOMY,4,0,3,0,9,4,7526.78,1101.48,150.0,400.74,9179.0,9179.0,0.0,0.0,,UNKNOWN,UNKNOWN,False,SERPAPI,INR,UNPARTITIONED_ACCUMULATING
683,DEL,BLR,DEL-BLR,IX,Air India Express,2026-09-04,2026-09-03T17:46:56.202081+00:00,2026-09-03,1,T+1,ECONOMY,4,0,3,0,9,4,8222.14,1203.24,150.0,451.62,10027.0,10027.0,0.0,0.0,,UNKNOWN,UNKNOWN,False,SERPAPI,INR,UNPARTITIONED_ACCUMULATING
684,DEL,BLR,DEL-BLR,6E,IndiGo,2026-09-10,2026-09-03T17:47:02.520817+00:00,2026-09-03,7,T+7,ECONOMY,3,0,3,0,9,10,6704.32,981.12,150.0,340.56,8176.0,8176.0,0.0,0.0,,UNKNOWN,UNKNOWN,False,SERPAPI,INR,UNPARTITIONED_ACCUMULATING
685,DEL,BLR,DEL-BLR,AI,Air India,2026-09-10,2026-09-03T17:47:02.520817+00:00,2026-09-03,7,T+7,ECONOMY,3,0,3,0,9,10,7284.06,1065.96,150.0,382.98,8883.0,8883.0,0.0,0.0,,UNKNOWN,UNKNOWN,False,SERPAPI,INR,UNPARTITIONED_ACCUMULATING
686,DEL,BLR,DEL-BLR,QP,Akasa Air,2026-09-10,2026-09-03T17:47:02.520817+00:00,2026-09-03,7,T+7,ECONOMY,3,0,3,0,9,10,7526.78,1101.48,150.0,400.74,9179.0,9179.0,0.0,0.0,,UNKNOWN,UNKNOWN,False,SERPAPI,INR,UNPARTITIONED_ACCUMULATING
687,DEL,BLR,DEL-BLR,IX,Air India Express,2026-09-10,2026-09-03T17:47:02.520817+00:00,2026-09-03,7,T+7,ECONOMY,3,0,3,0,9,10,7935.96,1161.36,150.0,430.68,9678.0,9678.0,0.0,0.0,,UNKNOWN,UNKNOWN,False,SERPAPI,INR,UNPARTITIONED_ACCUMULATING
688,DEL,BLR,DEL-BLR,6E,IndiGo,2026-09-18,2026-09-03T17:47:08.666748+00:00,2026-09-03,15,T+15,ECONOMY,4,0,3,0,9,18,7153.68,1046.88,150.0,373.44,8724.0,8724.0,0.0,0.0,,UNKNOWN,UNKNOWN,False,SERPAPI,INR,UNPARTITIONED_ACCUMULATING
689,DEL,BLR,DEL-BLR,AI,Air India,2026-09-18,2026-09-03T17:47:08.666748+00:00,2026-09-03,15,T+15,ECONOMY,4,0,3,0,9,18,7284.06,1065.96,150.0,382.98,8883.0,8883.0,0.0,0.0,,UNKNOWN,UNKNOWN,False,SERPAPI,INR,UNPARTITIONED_ACCUMULATING
690,DEL,BLR,DEL-BLR,QP,Akasa Air,2026-09-18,2026-09-03T17:47:08.666748+00:00,2026-09-03,15,T+15,ECONOMY,4,0,3,0,9,18,7526.78,1101.48,150.0,400.74,9179.0,9179.0,0.0,0.0,,UNKNOWN,UNKNOWN,False,SERPAPI,INR,UNPARTITIONED_ACCUMULATING
691,DEL,BLR,DEL-BLR,IX,Air India Express,2026-09-18,2026-09-03T17:47:08.666748+00:00,2026-09-03,15,T+15,ECONOMY,4,0,3,0,9,18,7477.58,1094.28,150.0,397.14,9119.0,9119.0,0.0,0.0,,UNKNOWN,UNKNOWN,False,SERPAPI,INR,UNPARTITIONED_ACCUMULATING
692,DEL,BLR,DEL-BLR,6E,IndiGo,2026-10-03,2026-09-03T17:47:14.591906+00:00,2026-09-03,30,T+30,ECONOMY,5,1,3,0,10,3,6876.52,1006.32,150.0,353.16,8386.0,8386.0,0.0,0.0,,UNKNOWN,UNKNOWN,False,SERPAPI,INR,UNPARTITIONED_ACCUMULATING
693,DEL,BLR,DEL-BLR,AI,Air India,2026-10-03,2026-09-03T17:47:14.591906+00:00,2026-09-03,30,T+30,ECONOMY,5,1,3,0,10,3,7284.06,1065.96,150.0,382.98,8883.0,8883.0,0.0,0.0,,UNKNOWN,UNKNOWN,False,SERPAPI,INR,UNPARTITIONED_ACCUMULATING
694,DEL,BLR,DEL-BLR,QP,Akasa Air,2026-10-03,2026-09-03T17:47:14.591906+00:00,2026-09-03,30,T+30,ECONOMY,5,1,3,0,10,3,7526.78,1101.48,150.0,400.74,9179.0,9179.0,0.0,0.0,,UNKNOWN,UNKNOWN,False,SERPAPI,INR,UNPARTITIONED_ACCUMULATING
695,DEL,BLR,DEL-BLR,IX,Air India Express,2026-10-03,2026-09-03T17:47:14.591906+00:00,2026-09-03,30,T+30,ECONOMY,5,1,3,0,10,3,7305.38,1069.08,150.0,384.54,8909.0,8909.0,0.0,0.0,,UNKNOWN,UNKNOWN,False,SERPAPI,INR,UNPARTITIONED_ACCUMULATING
696,DEL,BLR,DEL-BLR,6E,IndiGo,2026-10-18,2026-09-03T17:47:21.112406+00:00,2026-09-03,45,T+45,ECONOMY,6,1,3,0,10,18,8069.62,1180.92,150.0,440.46,9841.0,9841.0,0.0,0.0,,UNKNOWN,UNKNOWN,False,SERPAPI,INR,UNPARTITIONED_ACCUMULATING
697,DEL,BLR,DEL-BLR,IX,Air India Express,2026-10-18,2026-09-03T17:47:21.112406+00:00,2026-09-03,45,T+45,ECONOMY,6,1,3,0,10,18,7768.68,1136.88,150.0,418.44,9474.0,9474.0,0.0,0.0,,UNKNOWN,UNKNOWN,False,SERPAPI,INR,UNPARTITIONED_ACCUMULATING
698,DEL,BLR,DEL-BLR,SG,SpiceJet,2026-10-18,2026-09-03T17:47:21.112406+00:00,2026-09-03,45,T+45,ECONOMY,6,1,3,0,10,18,8229.52,1204.32,150.0,452.16,10036.0,10036.0,0.0,0.0,,UNKNOWN,UNKNOWN,False,SERPAPI,INR,UNPARTITIONED_ACCUMULATING
699,DEL,BLR,DEL-BLR,AI,Air India,2026-10-18,2026-09-03T17:47:21.112406+00:00,2026-09-03,45,T+45,ECONOMY,6,1,3,0,10,18,8528.0,1248.0,150.0,474.0,10400.0,10400.0,0.0,0.0,,UNKNOWN,UNKNOWN,False,SERPAPI,INR,UNPARTITIONED_ACCUMULATING
700,DEL,BLR,DEL-BLR,QP,Akasa Air,2026-10-18,2026-09-03T17:47:21.112406+00:00,2026-09-03,45,T+45,ECONOMY,6,1,3,0,10,18,8371.38,1225.08,150.0,462.54,10209.0,10209.0,0.0,0.0,,UNKNOWN,UNKNOWN,False,SERPAPI,INR,UNPARTITIONED_ACCUMULATING
701,BOM,BLR,BOM-BLR,6E,IndiGo,2026-09-04,2026-09-03T17:47:27.701981+00:00,2026-09-03,1,T+1,ECONOMY,4,0,3,0,9,4,4423.08,647.28,150.0,173.64,5394.0,5394.0,0.0,0.0,,UNKNOWN,UNKNOWN,False,SERPAPI,INR,UNPARTITIONED_ACCUMULATING
702,BOM,BLR,BOM-BLR,AI,Air India,2026-09-04,2026-09-03T17:47:27.701981+00:00,2026-09-03,1,T+1,ECONOMY,4,0,3,0,9,4,4604.3,673.8,150.0,186.9,5615.0,5615.0,0.0,0.0,,UNKNOWN,UNKNOWN,False,SERPAPI,INR,UNPARTITIONED_ACCUMULATING
703,BOM,BLR,BOM-BLR,QP,Akasa Air,2026-09-04,2026-09-03T17:47:27.701981+00:00,2026-09-03,1,T+1,ECONOMY,4,0,3,0,9,4,5956.48,871.68,150.0,285.84,7264.0,7264.0,0.0,0.0,,UNKNOWN,UNKNOWN,False,SERPAPI,INR,UNPARTITIONED_ACCUMULATING
704,BOM,BLR,BOM-BLR,6E,IndiGo,2026-09-10,2026-09-03T17:47:33.316804+00:00,2026-09-03,7,T+7,ECONOMY,3,0,3,0,9,10,4218.08,617.28,150.0,158.64,5144.0,5144.0,0.0,0.0,,UNKNOWN,UNKNOWN,False,SERPAPI,INR,UNPARTITIONED_ACCUMULATING
705,BOM,BLR,BOM-BLR,AI,Air India,2026-09-10,2026-09-03T17:47:33.316804+00:00,2026-09-03,7,T+7,ECONOMY,3,0,3,0,9,10,4346.0,636.0,150.0,168.0,5300.0,5300.0,0.0,0.0,,UNKNOWN,UNKNOWN,False,SERPAPI,INR,UNPARTITIONED_ACCUMULATING
706,BOM,BLR,BOM-BLR,QP,Akasa Air,2026-09-10,2026-09-03T17:47:33.316804+00:00,2026-09-03,7,T+7,ECONOMY,3,0,3,0,9,10,4428.0,648.0,150.0,174.0,5400.0,5400.0,0.0,0.0,,UNKNOWN,UNKNOWN,False,SERPAPI,INR,UNPARTITIONED_ACCUMULATING
707,BOM,BLR,BOM-BLR,IX,Air India Express,2026-09-10,2026-09-03T17:47:33.316804+00:00,2026-09-03,7,T+7,ECONOMY,3,0,3,0,9,10,6802.72,995.52,150.0,347.76,8296.0,8296.0,0.0,0.0,,UNKNOWN,UNKNOWN,True,SERPAPI,INR,UNPARTITIONED_ACCUMULATING
708,BOM,BLR,BOM-BLR,6E,IndiGo,2026-09-18,2026-09-03T17:47:39.305040+00:00,2026-09-03,15,T+15,ECONOMY,4,0,3,0,9,18,4218.08,617.28,150.0,158.64,5144.0,5144.0,0.0,0.0,,UNKNOWN,UNKNOWN,False,SERPAPI,INR,UNPARTITIONED_ACCUMULATING
709,BOM,BLR,BOM-BLR,AI,Air India,2026-09-18,2026-09-03T17:47:39.305040+00:00,2026-09-03,15,T+15,ECONOMY,4,0,3,0,9,18,4346.0,636.0,150.0,168.0,5300.0,5300.0,0.0,0.0,,UNKNOWN,UNKNOWN,False,SERPAPI,INR,UNPARTITIONED_ACCUMULATING
710,BOM,BLR,BOM-BLR,QP,Akasa Air,2026-09-18,2026-09-03T17:47:39.305040+00:00,2026-09-03,15,T+15,ECONOMY,4,0,3,0,9,18,4428.0,648.0,150.0,174.0,5400.0,5400.0,0.0,0.0,,UNKNOWN,UNKNOWN,False,SERPAPI,INR,UNPARTITIONED_ACCUMULATING
711,BOM,BLR,BOM-BLR,6E,IndiGo,2026-10-03,2026-09-03T17:47:44.705585+00:00,2026-09-03,30,T+30,ECONOMY,5,1,3,0,10,3,4113.94,602.04,150.0,151.02,5017.0,5017.0,0.0,0.0,,UNKNOWN,UNKNOWN,False,SERPAPI,INR,UNPARTITIONED_ACCUMULATING
712,BOM,BLR,BOM-BLR,AI,Air India,2026-10-03,2026-09-03T17:47:44.705585+00:00,2026-09-03,30,T+30,ECONOMY,5,1,3,0,10,3,4346.0,636.0,150.0,168.0,5300.0,5300.0,0.0,0.0,,UNKNOWN,UNKNOWN,False,SERPAPI,INR,UNPARTITIONED_ACCUMULATING
713,BOM,BLR,BOM-BLR,QP,Akasa Air,2026-10-03,2026-09-03T17:47:44.705585+00:00,2026-09-03,30,T+30,ECONOMY,5,1,3,0,10,3,4428.0,648.0,150.0,174.0,5400.0,5400.0,0.0,0.0,,UNKNOWN,UNKNOWN,False,SERPAPI,INR,UNPARTITIONED_ACCUMULATING
714,BOM,BLR,BOM-BLR,QP,Akasa Air,2026-10-18,2026-09-03T17:47:50.637014+00:00,2026-09-03,45,T+45,ECONOMY,6,1,3,0,10,18,4938.86,722.76,150.0,211.38,6023.0,6023.0,0.0,0.0,,UNKNOWN,UNKNOWN,False,SERPAPI,INR,UNPARTITIONED_ACCUMULATING
715,BOM,BLR,BOM-BLR,SG,SpiceJet,2026-10-18,2026-09-03T17:47:50.637014+00:00,2026-09-03,45,T+45,ECONOMY,6,1,3,0,10,18,5203.72,761.52,150.0,230.76,6346.0,6346.0,0.0,0.0,,UNKNOWN,UNKNOWN,False,SERPAPI,INR,UNPARTITIONED_ACCUMULATING
716,BOM,BLR,BOM-BLR,6E,IndiGo,2026-10-18,2026-09-03T17:47:50.637014+00:00,2026-09-03,45,T+45,ECONOMY,6,1,3,0,10,18,5704.74,834.84,150.0,267.42,6957.0,6957.0,0.0,0.0,,UNKNOWN,UNKNOWN,False,SERPAPI,INR,UNPARTITIONED_ACCUMULATING
717,BOM,BLR,BOM-BLR,AI,Air India,2026-10-18,2026-09-03T17:47:50.637014+00:00,2026-09-03,45,T+45,ECONOMY,6,1,3,0,10,18,5848.24,855.84,150.0,277.92,7132.0,7132.0,0.0,0.0,,UNKNOWN,UNKNOWN,False,SERPAPI,INR,UNPARTITIONED_ACCUMULATING
718,DEL,CCU,DEL-CCU,6E,IndiGo,2026-09-04,2026-09-03T17:47:56.940832+00:00,2026-09-03,1,T+1,ECONOMY,4,0,3,0,9,4,6213.96,909.36,150.0,304.68,7578.0,7578.0,0.0,0.0,,UNKNOWN,UNKNOWN,False,SERPAPI,INR,UNPARTITIONED_ACCUMULATING
719,DEL,CCU,DEL-CCU,AI,Air India,2026-09-04,2026-09-03T17:47:56.940832+00:00,2026-09-03,1,T+1,ECONOMY,4,0,3,0,9,4,6973.28,1020.48,150.0,360.24,8504.0,8504.0,0.0,0.0,,UNKNOWN,UNKNOWN,False,SERPAPI,INR,UNPARTITIONED_ACCUMULATING
720,DEL,CCU,DEL-CCU,QP,Akasa Air,2026-09-04,2026-09-03T17:47:56.940832+00:00,2026-09-03,1,T+1,ECONOMY,4,0,3,0,9,4,7270.12,1063.92,150.0,381.96,8866.0,8866.0,0.0,0.0,,UNKNOWN,UNKNOWN,False,SERPAPI,INR,UNPARTITIONED_ACCUMULATING
721,DEL,CCU,DEL-CCU,6E,IndiGo,2026-09-10,2026-09-03T17:48:02.736351+00:00,2026-09-03,7,T+7,ECONOMY,3,0,3,0,9,10,5955.66,871.56,150.0,285.78,7263.0,7263.0,0.0,0.0,,UNKNOWN,UNKNOWN,False,SERPAPI,INR,UNPARTITIONED_ACCUMULATING
722,DEL,CCU,DEL-CCU,QP,Akasa Air,2026-09-10,2026-09-03T17:48:02.736351+00:00,2026-09-03,7,T+7,ECONOMY,3,0,3,0,9,10,6505.06,951.96,150.0,325.98,7933.0,7933.0,0.0,0.0,,UNKNOWN,UNKNOWN,False,SERPAPI,INR,UNPARTITIONED_ACCUMULATING
723,DEL,CCU,DEL-CCU,AI,Air India,2026-09-10,2026-09-03T17:48:02.736351+00:00,2026-09-03,7,T+7,ECONOMY,3,0,3,0,9,10,6973.28,1020.48,150.0,360.24,8504.0,8504.0,0.0,0.0,,UNKNOWN,UNKNOWN,False,SERPAPI,INR,UNPARTITIONED_ACCUMULATING
724,DEL,CCU,DEL-CCU,6E,IndiGo,2026-09-18,2026-09-03T17:48:08.578189+00:00,2026-09-03,15,T+15,ECONOMY,4,0,3,0,9,18,5962.22,872.52,150.0,286.26,7271.0,7271.0,0.0,0.0,,UNKNOWN,UNKNOWN,False,SERPAPI,INR,UNPARTITIONED_ACCUMULATING
725,DEL,CCU,DEL-CCU,QP,Akasa Air,2026-09-18,2026-09-03T17:48:08.578189+00:00,2026-09-03,15,T+15,ECONOMY,4,0,3,0,9,18,6749.42,987.72,150.0,343.86,8231.0,8231.0,0.0,0.0,,UNKNOWN,UNKNOWN,False,SERPAPI,INR,UNPARTITIONED_ACCUMULATING
726,DEL,CCU,DEL-CCU,AI,Air India,2026-09-18,2026-09-03T17:48:08.578189+00:00,2026-09-03,15,T+15,ECONOMY,4,0,3,0,9,18,6973.28,1020.48,150.0,360.24,8504.0,8504.0,0.0,0.0,,UNKNOWN,UNKNOWN,False,SERPAPI,INR,UNPARTITIONED_ACCUMULATING
727,DEL,CCU,DEL-CCU,6E,IndiGo,2026-10-03,2026-09-03T17:48:14.452027+00:00,2026-09-03,30,T+30,ECONOMY,5,1,3,0,10,3,5955.66,871.56,150.0,285.78,7263.0,7263.0,0.0,0.0,,UNKNOWN,UNKNOWN,False,SERPAPI,INR,UNPARTITIONED_ACCUMULATING
728,DEL,CCU,DEL-CCU,AI,Air India,2026-10-03,2026-09-03T17:48:14.452027+00:00,2026-09-03,30,T+30,ECONOMY,5,1,3,0,10,3,7188.12,1051.92,150.0,375.96,8766.0,8766.0,0.0,0.0,,UNKNOWN,UNKNOWN,False,SERPAPI,INR,UNPARTITIONED_ACCUMULATING
729,DEL,CCU,DEL-CCU,SG,SpiceJet,2026-10-03,2026-09-03T17:48:14.452027+00:00,2026-09-03,30,T+30,ECONOMY,5,1,3,0,10,3,6745.32,987.12,150.0,343.56,8226.0,8226.0,0.0,0.0,,UNKNOWN,UNKNOWN,False,SERPAPI,INR,UNPARTITIONED_ACCUMULATING
730,DEL,CCU,DEL-CCU,QP,Akasa Air,2026-10-03,2026-09-03T17:48:14.452027+00:00,2026-09-03,30,T+30,ECONOMY,5,1,3,0,10,3,7547.28,1104.48,150.0,402.24,9204.0,9204.0,0.0,0.0,,UNKNOWN,UNKNOWN,False,SERPAPI,INR,UNPARTITIONED_ACCUMULATING
731,DEL,CCU,DEL-CCU,6E,IndiGo,2026-10-18,2026-09-03T17:48:20.499552+00:00,2026-09-03,45,T+45,ECONOMY,6,1,3,0,10,18,7546.46,1104.36,150.0,402.18,9203.0,9203.0,0.0,0.0,,UNKNOWN,UNKNOWN,False,SERPAPI,INR,UNPARTITIONED_ACCUMULATING
732,DEL,CCU,DEL-CCU,SG,SpiceJet,2026-10-18,2026-09-03T17:48:20.499552+00:00,2026-09-03,45,T+45,ECONOMY,6,1,3,0,10,18,10093.38,1477.08,150.0,588.54,12309.0,12309.0,0.0,0.0,,UNKNOWN,UNKNOWN,True,SERPAPI,INR,UNPARTITIONED_ACCUMULATING
733,DEL,CCU,DEL-CCU,QP,Akasa Air,2026-10-18,2026-09-03T17:48:20.499552+00:00,2026-09-03,45,T+45,ECONOMY,6,1,3,0,10,18,11491.48,1681.68,150.0,690.84,14014.0,14014.0,0.0,0.0,,UNKNOWN,UNKNOWN,True,SERPAPI,INR,UNPARTITIONED_ACCUMULATING
734,DEL,CCU,DEL-CCU,AI,Air India,2026-10-18,2026-09-03T17:48:20.499552+00:00,2026-09-03,45,T+45,ECONOMY,6,1,3,0,10,18,11613.66,1699.56,150.0,699.78,14163.0,14163.0,0.0,0.0,,UNKNOWN,UNKNOWN,True,SERPAPI,INR,UNPARTITIONED_ACCUMULATING
735,DEL,CCU,DEL-CCU,IX,Air India Express,2026-10-18,2026-09-03T17:48:20.499552+00:00,2026-09-03,45,T+45,ECONOMY,6,1,3,0,10,18,12394.3,1813.8,150.0,756.9,15115.0,15115.0,0.0,0.0,,UNKNOWN,UNKNOWN,True,SERPAPI,INR,UNPARTITIONED_ACCUMULATING
736,DEL,HYD,DEL-HYD,6E,IndiGo,2026-09-04,2026-09-03T17:48:26.678677+00:00,2026-09-03,1,T+1,ECONOMY,4,0,3,0,9,4,6637.08,971.28,150.0,335.64,8094.0,8094.0,0.0,0.0,,UNKNOWN,UNKNOWN,False,SERPAPI,INR,UNPARTITIONED_ACCUMULATING
737,DEL,HYD,DEL-HYD,AI,Air India,2026-09-04,2026-09-03T17:48:26.678677+00:00,2026-09-03,1,T+1,ECONOMY,4,0,3,0,9,4,7143.02,1045.32,150.0,372.66,8711.0,8711.0,0.0,0.0,,UNKNOWN,UNKNOWN,False,SERPAPI,INR,UNPARTITIONED_ACCUMULATING
738,DEL,HYD,DEL-HYD,QP,Akasa Air,2026-09-04,2026-09-03T17:48:26.678677+00:00,2026-09-03,1,T+1,ECONOMY,4,0,3,0,9,4,7876.1,1152.6,150.0,426.3,9605.0,9605.0,0.0,0.0,,UNKNOWN,UNKNOWN,False,SERPAPI,INR,UNPARTITIONED_ACCUMULATING
739,DEL,HYD,DEL-HYD,6E,IndiGo,2026-09-10,2026-09-03T17:48:31.425841+00:00,2026-09-03,7,T+7,ECONOMY,3,0,3,0,9,10,6464.88,946.08,150.0,323.04,7884.0,7884.0,0.0,0.0,,UNKNOWN,UNKNOWN,False,SERPAPI,INR,UNPARTITIONED_ACCUMULATING
740,DEL,HYD,DEL-HYD,AI,Air India,2026-09-10,2026-09-03T17:48:31.425841+00:00,2026-09-03,7,T+7,ECONOMY,3,0,3,0,9,10,7143.02,1045.32,150.0,372.66,8711.0,8711.0,0.0,0.0,,UNKNOWN,UNKNOWN,False,SERPAPI,INR,UNPARTITIONED_ACCUMULATING
741,DEL,HYD,DEL-HYD,QP,Akasa Air,2026-09-10,2026-09-03T17:48:31.425841+00:00,2026-09-03,7,T+7,ECONOMY,3,0,3,0,9,10,7334.08,1073.28,150.0,386.64,8944.0,8944.0,0.0,0.0,,UNKNOWN,UNKNOWN,False,SERPAPI,INR,UNPARTITIONED_ACCUMULATING
742,DEL,HYD,DEL-HYD,6E,IndiGo,2026-09-18,2026-09-03T17:48:36.339479+00:00,2026-09-03,15,T+15,ECONOMY,4,0,3,0,9,18,6464.88,946.08,150.0,323.04,7884.0,7884.0,0.0,0.0,,UNKNOWN,UNKNOWN,False,SERPAPI,INR,UNPARTITIONED_ACCUMULATING
743,DEL,HYD,DEL-HYD,QP,Akasa Air,2026-09-18,2026-09-03T17:48:36.339479+00:00,2026-09-03,15,T+15,ECONOMY,4,0,3,0,9,18,7079.88,1036.08,150.0,368.04,8634.0,8634.0,0.0,0.0,,UNKNOWN,UNKNOWN,False,SERPAPI,INR,UNPARTITIONED_ACCUMULATING
744,DEL,HYD,DEL-HYD,AI,Air India,2026-09-18,2026-09-03T17:48:36.339479+00:00,2026-09-03,15,T+15,ECONOMY,4,0,3,0,9,18,7143.02,1045.32,150.0,372.66,8711.0,8711.0,0.0,0.0,,UNKNOWN,UNKNOWN,False,SERPAPI,INR,UNPARTITIONED_ACCUMULATING
745,DEL,HYD,DEL-HYD,6E,IndiGo,2026-10-03,2026-09-03T17:48:41.280370+00:00,2026-09-03,30,T+30,ECONOMY,5,1,3,0,10,3,6464.88,946.08,150.0,323.04,7884.0,7884.0,0.0,0.0,,UNKNOWN,UNKNOWN,False,SERPAPI,INR,UNPARTITIONED_ACCUMULATING
746,DEL,HYD,DEL-HYD,AI,Air India,2026-10-03,2026-09-03T17:48:41.280370+00:00,2026-09-03,30,T+30,ECONOMY,5,1,3,0,10,3,7143.02,1045.32,150.0,372.66,8711.0,8711.0,0.0,0.0,,UNKNOWN,UNKNOWN,False,SERPAPI,INR,UNPARTITIONED_ACCUMULATING
747,DEL,HYD,DEL-HYD,QP,Akasa Air,2026-10-03,2026-09-03T17:48:41.280370+00:00,2026-09-03,30,T+30,ECONOMY,5,1,3,0,10,3,7599.76,1112.16,150.0,406.08,9268.0,9268.0,0.0,0.0,,UNKNOWN,UNKNOWN,False,SERPAPI,INR,UNPARTITIONED_ACCUMULATING
748,DEL,HYD,DEL-HYD,6E,IndiGo,2026-10-18,2026-09-03T17:48:46.222630+00:00,2026-09-03,45,T+45,ECONOMY,6,1,3,0,10,18,6356.64,930.24,150.0,315.12,7752.0,7752.0,0.0,0.0,,UNKNOWN,UNKNOWN,False,SERPAPI,INR,UNPARTITIONED_ACCUMULATING
749,DEL,HYD,DEL-HYD,AI,Air India,2026-10-18,2026-09-03T17:48:46.222630+00:00,2026-09-03,45,T+45,ECONOMY,6,1,3,0,10,18,7263.56,1062.96,150.0,381.48,8858.0,8858.0,0.0,0.0,,UNKNOWN,UNKNOWN,False,SERPAPI,INR,UNPARTITIONED_ACCUMULATING
750,DEL,HYD,DEL-HYD,QP,Akasa Air,2026-10-18,2026-09-03T17:48:46.222630+00:00,2026-09-03,45,T+45,ECONOMY,6,1,3,0,10,18,7876.1,1152.6,150.0,426.3,9605.0,9605.0,0.0,0.0,,UNKNOWN,UNKNOWN,False,SERPAPI,INR,UNPARTITIONED_ACCUMULATING
